Airline IATA,Source airport IATA,Destination airport IATA,Distance
4B,LAS,LAX,379.9942734236406
4B,LAX,LAS,379.9942734236406
9E,ATL,CVG,602.1803007933797
9E,ATL,MSP,1459.7181270186938
9E,CVG,ATL,602.1803007933797
9E,DTW,MSY,1492.2718862170018
9E,JFK,MSY,1901.4897105100436
9E,MSP,ATL,1459.7181270186938
9E,MSP,MSY,1675.7693401753959
9E,MSY,DTW,1492.2718862170018
9E,MSY,JFK,1901.4897105100436
9E,MSY,MSP,1675.7693401753959
AA,ANC,LAX,3770.8093237260714
AA,ANC,PHX,4101.428608962121
AA,ATL,CLT,364.56708046970965
AA,ATL,DFW,1174.5318236036762
AA,ATL,ORD,976.3278291656198
AA,ATL,PHL,1071.592953109364
AA,ATL,PHX,2549.081233958843
AA,BDL,CLT,1035.6947956825866
AA,BDL,DFW,2363.184544991586
AA,BDL,LAX,4057.3313327474443
AA,BDL,ORD,1256.9832454841692
AA,BDL,PHL,314.6703367887143
AA,BNA,CLT,527.7906363483784
AA,BNA,DFW,1014.1483125518824
AA,BNA,JFK,1229.76124690041
AA,BNA,LAX,2886.3192287624256
AA,BNA,ORD,659.4850707493616
AA,BNA,PHL,1084.3003930553236
AA,BOI,PHX,1184.0866678040393
AA,BOS,CLT,1170.6751257417918
AA,BOS,DFW,2509.268905512098
AA,BOS,JFK,300.1779770895026
AA,BOS,LAX,4193.02908746007
AA,BOS,ORD,1391.078325285235
AA,BOS,PDX,4072.319804493596
AA,BOS,PHL,450.1419758792534
AA,BOS,PHX,3693.7754228607205
AA,BOS,SEA,4005.5088356419633
AA,BWI,CLT,580.7082466113521
AA,BWI,DFW,1954.7685504854694
AA,BWI,JFK,295.3609443349576
AA,BWI,ORD,997.9705182564419
AA,BWI,PHL,144.85222737502477
AA,BWI,PHX,3209.737057716284
AA,CHS,CLT,270.5509331637968
AA,CHS,DFW,1585.226379270477
AA,CHS,PHL,886.1042894797829
AA,CLE,CLT,693.6656666196295
AA,CLE,DFW,1641.733108732936
AA,CLE,JFK,682.2070027191422
AA,CLE,ORD,506.5652697563044
AA,CLE,PHL,583.1229272295406
AA,CLT,ATL,364.56708046970965
AA,CLT,BDL,1035.6947956825866
AA,CLT,BNA,527.7906363483784
AA,CLT,BOS,1170.6751257417918
AA,CLT,BWI,580.7082466113521
AA,CLT,CHS,270.5509331637968
AA,CLT,CLE,693.6656666196295
AA,CLT,CVG,539.1946917771504
AA,CLT,DEN,2148.202090678053
AA,CLT,DFW,1503.2069279565508
AA,CLT,DTW,805.6961397417941
AA,CLT,EWR,850.2863949538682
AA,CLT,IAD,517.371064721726
AA,CLT,IND,688.060502220261
AA,CLT,JFK,870.5292109233397
AA,CLT,LAS,3076.587695800183
AA,CLT,LAX,3412.5341856716655
AA,CLT,MCO,755.2029149067863
AA,CLT,MKE,1047.7823784721302
AA,CLT,MSP,1496.0732153972012
AA,CLT,MSY,1047.2193499352472
AA,CLT,OMA,1467.7316602972016
AA,CLT,ORD,964.5786715815266
AA,CLT,PDX,3664.493683355979
AA,CLT,PHL,721.4732221544514
AA,CLT,PHX,2848.382720575684
AA,CLT,RDU,208.51191829077544
AA,CLT,SEA,3660.405629332313
AA,CLT,SLC,2773.5940144543915
AA,CLT,STL,924.3745727556258
AA,CVG,CLT,539.1946917771504
AA,CVG,DFW,1304.7619647657154
AA,CVG,JFK,945.6585044128641
AA,CVG,ORD,425.3843061709205
AA,CVG,PHL,814.0504907798611
AA,DEN,CLT,2148.202090678053
AA,DEN,DFW,1032.0980058772263
AA,DEN,LAX,1385.139203807797
AA,DEN,ORD,1426.0220157520105
AA,DEN,PHL,2500.3905990396725
AA,DEN,PHX,968.5377565127925
AA,DEN,SEA,1645.0658311574032
AA,DFW,ATL,1174.5318236036762
AA,DFW,BDL,2363.184544991586
AA,DFW,BNA,1014.1483125518824
AA,DFW,BOS,2509.268905512098
AA,DFW,BWI,1954.7685504854694
AA,DFW,CHS,1585.226379270477
AA,DFW,CLE,1641.733108732936
AA,DFW,CLT,1503.2069279565508
AA,DFW,CVG,1304.7619647657154
AA,DFW,DEN,1032.0980058772263
AA,DFW,DTW,1586.4188216950533
AA,DFW,EWR,2204.7901406770784
AA,DFW,HNL,6080.920427053171
AA,DFW,IAD,1882.477930817527
AA,DFW,IND,1223.9890393722342
AA,DFW,JFK,2234.8961320494536
AA,DFW,LAS,1694.7999229712295
AA,DFW,LAX,1983.1744750180885
AA,DFW,MCO,1582.4157318228752
AA,DFW,MKE,1373.5748328148597
AA,DFW,MSP,1372.5779149181371
AA,DFW,MSY,719.4399852682247
AA,DFW,OKC,282.3630290991225
AA,DFW,OMA,940.2113048334137
AA,DFW,ORD,1290.6453049606575
AA,DFW,PDX,2597.0509238361133
AA,DFW,PHL,2092.8766575973477
AA,DFW,PHX,1393.8656724588768
AA,DFW,RDU,1704.5189033287804
AA,DFW,SEA,2668.1529866142673
AA,DFW,SLC,1589.4643663084744
AA,DFW,STL,885.3782369662816
AA,DTW,CLT,805.6961397417941
AA,DTW,DFW,1586.4188216950533
AA,DTW,ORD,376.3886323781449
AA,DTW,PHL,728.0522353255226
AA,DTW,PHX,2683.9796496758554
AA,EWR,CLT,850.2863949538682
AA,EWR,DFW,2204.7901406770784
AA,EWR,ORD,1154.4536331215895
AA,EWR,PHL,128.84356361715245
AA,EWR,PHX,3425.3668935853048
AA,EWR,SEA,3854.814176826073
AA,HNL,DFW,6080.920427053171
AA,HNL,LAX,4108.224323399248
AA,HNL,PHX,4688.528565864707
AA,IAD,CLT,517.371064721726
AA,IAD,DFW,1882.477930817527
AA,IAD,LAX,3674.03017724721
AA,IND,CLT,688.060502220261
AA,IND,DFW,1223.9890393722342
AA,IND,JFK,1067.3034122661404
AA,IND,LAX,2912.8778685305833
AA,IND,ORD,285.5951889162557
AA,IND,PHL,943.9041916961392
AA,IND,PHX,2390.864071114592
AA,JFK,BNA,1229.76124690041
AA,JFK,BOS,300.1779770895026
AA,JFK,BWI,295.3609443349576
AA,JFK,CLE,682.2070027191422
AA,JFK,CLT,870.5292109233397
AA,JFK,CVG,945.6585044128641
AA,JFK,DFW,2234.8961320494536
AA,JFK,IND,1067.3034122661404
AA,JFK,LAS,3609.2825234219504
AA,JFK,LAX,3974.1967108791923
AA,JFK,MCO,1521.3886141530443
AA,JFK,ORD,1187.8355870120465
AA,JFK,PHX,3458.11906367387
AA,JFK,RDU,686.50304121785
AA,JFK,SEA,3886.6379044866676
AA,LAS,CLT,3076.587695800183
AA,LAS,DFW,1694.7999229712295
AA,LAS,JFK,3609.2825234219504
AA,LAS,LAX,379.9942734236406
AA,LAS,ORD,2431.6928481174373
AA,LAS,PHL,3494.414109617585
AA,LAS,PHX,410.8486569165901
AA,LAX,ANC,3770.8093237260714
AA,LAX,BDL,4057.3313327474443
AA,LAX,BNA,2886.3192287624256
AA,LAX,BOS,4193.02908746007
AA,LAX,CLT,3412.5341856716655
AA,LAX,DEN,1385.139203807797
AA,LAX,DFW,1983.1744750180885
AA,LAX,HNL,4108.224323399248
AA,LAX,IAD,3674.03017724721
AA,LAX,IND,2912.8778685305833
AA,LAX,JFK,3974.1967108791923
AA,LAX,LAS,379.9942734236406
AA,LAX,MCO,3562.3146853313297
AA,LAX,OKC,1906.2071383647533
AA,LAX,ORD,2802.1160076904785
AA,LAX,PDX,1343.0896596192872
AA,LAX,PHL,3856.314910792288
AA,LAX,PHX,594.3608778208186
AA,LAX,RDU,3594.5314691820645
AA,LAX,SEA,1536.9096838729733
AA,LAX,SLC,949.3163049513364
AA,LAX,STL,2556.762811981745
AA,MCO,CLT,755.2029149067863
AA,MCO,DFW,1582.4157318228752
AA,MCO,JFK,1521.3886141530443
AA,MCO,LAX,3562.3146853313297
AA,MCO,ORD,1620.0831318457797
AA,MCO,PHL,1388.5554903516609
AA,MCO,PHX,2969.687914351297
AA,MCO,SEA,4104.686595514186
AA,MKE,CLT,1047.7823784721302
AA,MKE,DFW,1373.5748328148597
AA,MKE,ORD,107.70559301189579
AA,MKE,PHL,1108.1397811183788
AA,MKE,PHX,2346.524863666096
AA,MSP,CLT,1496.0732153972012
AA,MSP,DFW,1372.5779149181371
AA,MSP,ORD,536.9953198971815
AA,MSP,PHL,1574.423331347321
AA,MSP,PHX,2051.7078346953285
AA,MSY,CLT,1047.2193499352472
AA,MSY,DFW,719.4399852682247
AA,MSY,ORD,1349.2498778486827
AA,MSY,PHL,1750.8832636394734
AA,OKC,DFW,282.3630290991225
AA,OKC,LAX,1906.2071383647533
AA,OKC,ORD,1114.2406246539097
AA,OMA,CLT,1467.7316602972016
AA,OMA,DFW,940.2113048334137
AA,OMA,ORD,667.8847593393182
AA,OMA,PHX,1667.5377576255903
AA,ORD,ATL,976.3278291656198
AA,ORD,BDL,1256.9832454841692
AA,ORD,BNA,659.4850707493616
AA,ORD,BOS,1391.078325285235
AA,ORD,BWI,997.9705182564419
AA,ORD,CLE,506.5652697563044
AA,ORD,CLT,964.5786715815266
AA,ORD,CVG,425.3843061709205
AA,ORD,DEN,1426.0220157520105
AA,ORD,DFW,1290.6453049606575
AA,ORD,DTW,376.3886323781449
AA,ORD,EWR,1154.4536331215895
AA,ORD,IND,285.5951889162557
AA,ORD,JFK,1187.8355870120465
AA,ORD,LAS,2431.6928481174373
AA,ORD,LAX,2802.1160076904785
AA,ORD,MCO,1620.0831318457797
AA,ORD,MKE,107.70559301189579
AA,ORD,MSP,536.9953198971815
AA,ORD,MSY,1349.2498778486827
AA,ORD,OKC,1114.2406246539097
AA,ORD,OMA,667.8847593393182
AA,ORD,PDX,2791.6556313778096
AA,ORD,PHL,1088.3236698576663
AA,ORD,PHX,2313.4258893330652
AA,ORD,RDU,1039.2145694438711
AA,ORD,SEA,2761.751624349704
AA,ORD,SLC,2006.1548248592053
AA,ORD,STL,415.4186613857083
AA,PDX,BOS,4072.319804493596
AA,PDX,CLT,3664.493683355979
AA,PDX,DFW,2597.0509238361133
AA,PDX,LAX,1343.0896596192872
AA,PDX,ORD,2791.6556313778096
AA,PDX,PHL,3862.5536924541652
AA,PDX,PHX,1625.0856639054705
AA,PHL,ATL,1071.592953109364
AA,PHL,BDL,314.6703367887143
AA,PHL,BNA,1084.3003930553236
AA,PHL,BOS,450.1419758792534
AA,PHL,BWI,144.85222737502477
AA,PHL,CHS,886.1042894797829
AA,PHL,CLE,583.1229272295406
AA,PHL,CLT,721.4732221544514
AA,PHL,CVG,814.0504907798611
AA,PHL,DEN,2500.3905990396725
AA,PHL,DFW,2092.8766575973477
AA,PHL,DTW,728.0522353255226
AA,PHL,EWR,128.84356361715245
AA,PHL,IND,943.9041916961392
AA,PHL,LAS,3494.414109617585
AA,PHL,LAX,3856.314910792288
AA,PHL,MCO,1388.5554903516609
AA,PHL,MKE,1108.1397811183788
AA,PHL,MSP,1574.423331347321
AA,PHL,MSY,1750.8832636394734
AA,PHL,ORD,1088.3236698576663
AA,PHL,PDX,3862.5536924541652
AA,PHL,PHX,3332.8242496046537
AA,PHL,RDU,542.2505492934448
AA,PHL,SEA,3817.6538907073505
AA,PHL,SLC,3092.8145624354906
AA,PHL,STL,1306.00639355372
AA,PHX,ANC,4101.428608962121
AA,PHX,ATL,2549.081233958843
AA,PHX,BOI,1184.0866678040393
AA,PHX,BOS,3693.7754228607205
AA,PHX,BWI,3209.737057716284
AA,PHX,CLT,2848.382720575684
AA,PHX,DEN,968.5377565127925
AA,PHX,DFW,1393.8656724588768
AA,PHX,DTW,2683.9796496758554
AA,PHX,EWR,3425.3668935853048
AA,PHX,HNL,4688.528565864707
AA,PHX,IND,2390.864071114592
AA,PHX,JFK,3458.11906367387
AA,PHX,LAS,410.8486569165901
AA,PHX,LAX,594.3608778208186
AA,PHX,MCO,2969.687914351297
AA,PHX,MKE,2346.524863666096
AA,PHX,MSP,2051.7078346953285
AA,PHX,OMA,1667.5377576255903
AA,PHX,ORD,2313.4258893330652
AA,PHX,PDX,1625.0856639054705
AA,PHX,PHL,3332.8242496046537
AA,PHX,SEA,1781.8234816966544
AA,PHX,SLC,817.7440677116468
AA,PHX,STL,2026.8178951047003
AA,RDU,CLT,208.51191829077544
AA,RDU,DFW,1704.5189033287804
AA,RDU,JFK,686.50304121785
AA,RDU,LAX,3594.5314691820645
AA,RDU,ORD,1039.2145694438711
AA,RDU,PHL,542.2505492934448
AA,SEA,BOS,4005.5088356419633
AA,SEA,CLT,3660.405629332313
AA,SEA,DEN,1645.0658311574032
AA,SEA,DFW,2668.1529866142673
AA,SEA,EWR,3854.814176826073
AA,SEA,JFK,3886.6379044866676
AA,SEA,LAX,1536.9096838729733
AA,SEA,MCO,4104.686595514186
AA,SEA,ORD,2761.751624349704
AA,SEA,PHL,3817.6538907073505
AA,SEA,PHX,1781.8234816966544
AA,SEA,STL,2744.344982350002
AA,SLC,CLT,2773.5940144543915
AA,SLC,DFW,1589.4643663084744
AA,SLC,LAX,949.3163049513364
AA,SLC,ORD,2006.1548248592053
AA,SLC,PHL,3092.8145624354906
AA,SLC,PHX,817.7440677116468
AA,STL,CLT,924.3745727556258
AA,STL,DFW,885.3782369662816
AA,STL,LAX,2556.762811981745
AA,STL,ORD,415.4186613857083
AA,STL,PHL,1306.00639355372
AA,STL,PHX,2026.8178951047003
AA,STL,SEA,2744.344982350002
AC,ATL,DEN,1926.617829778416
AC,DEN,ATL,1926.617829778416
AC,DEN,MSY,1708.0852572911863
AC,EWR,MSY,1877.4286217865529
AC,IAD,MSY,1536.0363676547856
AC,MSY,DEN,1708.0852572911863
AC,MSY,EWR,1877.4286217865529
AC,MSY,IAD,1536.0363676547856
AC,MSY,ORD,1349.2498778486827
AC,ORD,MSY,1349.2498778486827
AF,ATL,BDL,1382.3194090292877
AF,ATL,BNA,344.43307950741485
AF,ATL,BOS,1521.5537657651762
AF,ATL,BWI,927.5307689689371
AF,ATL,CHS,416.0630081305395
AF,ATL,CLE,893.816089349385
AF,ATL,CLT,364.56708046970965
AF,ATL,CVG,602.1803007933797
AF,ATL,DEN,1926.617829778416
AF,ATL,DFW,1174.5318236036762
AF,ATL,DTW,958.1975913594932
AF,ATL,EWR,1199.3163539241518
AF,ATL,IAD,859.0311610793251
AF,ATL,IND,696.265301572822
AF,ATL,JFK,1222.0934389187264
AF,ATL,LAS,2804.8279085707227
AF,ATL,LAX,3125.776526360189
AF,ATL,MCO,650.7363446314486
AF,ATL,MKE,1078.353344778379
AF,ATL,MSP,1459.7181270186938
AF,ATL,MSY,683.5719060307282
AF,ATL,OKC,1221.645168739616
AF,ATL,OMA,1321.0472363918204
AF,ATL,ORD,976.3278291656198
AF,ATL,PDX,3489.1612400893227
AF,ATL,PHL,1071.592953109364
AF,ATL,PHX,2549.081233958843
AF,ATL,RDU,572.24839306195
AF,ATL,SEA,3504.977057741039
AF,ATL,SLC,2553.604187970751
AF,ATL,STL,779.0051856208638
AF,BDL,ATL,1382.3194090292877
AF,BNA,ATL,344.43307950741485
AF,BOS,ATL,1521.5537657651762
AF,BWI,ATL,927.5307689689371
AF,CHS,ATL,416.0630081305395
AF,CLE,ATL,893.816089349385
AF,CLT,ATL,364.56708046970965
AF,CVG,ATL,602.1803007933797
AF,DEN,ATL,1926.617829778416
AF,DFW,ATL,1174.5318236036762
AF,DTW,ATL,958.1975913594932
AF,DTW,MSY,1492.2718862170018
AF,EWR,ATL,1199.3163539241518
AF,HNL,LAX,4108.224323399248
AF,IAD,ATL,859.0311610793251
AF,IND,ATL,696.265301572822
AF,JFK,ATL,1222.0934389187264
AF,JFK,MSY,1901.4897105100436
AF,LAS,ATL,2804.8279085707227
AF,LAX,ATL,3125.776526360189
AF,LAX,MSP,2467.2941748789744
AF,MCO,ATL,650.7363446314486
AF,MKE,ATL,1078.353344778379
AF,MSP,ATL,1459.7181270186938
AF,MSP,LAX,2467.2941748789744
AF,MSP,MSY,1675.7693401753959
AF,MSP,SEA,2244.808454894288
AF,MSY,ATL,683.5719060307282
AF,MSY,DTW,1492.2718862170018
AF,MSY,JFK,1901.4897105100436
AF,MSY,MSP,1675.7693401753959
AF,OKC,ATL,1221.645168739616
AF,OMA,ATL,1321.0472363918204
AF,ORD,ATL,976.3278291656198
AF,PDX,ATL,3489.1612400893227
AF,PHL,ATL,1071.592953109364
AF,PHX,ATL,2549.081233958843
AF,RDU,ATL,572.24839306195
AF,SEA,ATL,3504.977057741039
AF,SEA,HNL,4307.910295959234
AF,SLC,ATL,2553.604187970751
AF,STL,ATL,779.0051856208638
AM,ATL,BDL,1382.3194090292877
AM,ATL,BNA,344.43307950741485
AM,ATL,BOS,1521.5537657651762
AM,ATL,BWI,927.5307689689371
AM,ATL,CLE,893.816089349385
AM,ATL,CVG,602.1803007933797
AM,ATL,DEN,1926.617829778416
AM,ATL,DTW,958.1975913594932
AM,ATL,EWR,1199.3163539241518
AM,ATL,IAD,859.0311610793251
AM,ATL,IND,696.265301572822
AM,ATL,JFK,1222.0934389187264
AM,ATL,MCO,650.7363446314486
AM,ATL,MSP,1459.7181270186938
AM,ATL,MSY,683.5719060307282
AM,ATL,PHL,1071.592953109364
AM,ATL,RDU,572.24839306195
AM,ATL,SEA,3504.977057741039
AM,ATL,SLC,2553.604187970751
AM,ATL,STL,779.0051856208638
AM,BDL,ATL,1382.3194090292877
AM,BOS,ATL,1521.5537657651762
AM,BWI,ATL,927.5307689689371
AM,CLE,ATL,893.816089349385
AM,CVG,ATL,602.1803007933797
AM,DEN,ATL,1926.617829778416
AM,DTW,ATL,958.1975913594932
AM,EWR,ATL,1199.3163539241518
AM,IAD,ATL,859.0311610793251
AM,IND,ATL,696.265301572822
AM,JFK,ATL,1222.0934389187264
AM,MCO,ATL,650.7363446314486
AM,MKE,ATL,1078.353344778379
AM,MSP,ATL,1459.7181270186938
AM,MSY,ATL,683.5719060307282
AM,PHL,ATL,1071.592953109364
AM,RDU,ATL,572.24839306195
AM,SEA,ATL,3504.977057741039
AM,SLC,ATL,2553.604187970751
AM,STL,ATL,779.0051856208638
AS,ANC,HNL,4474.049817076288
AS,ANC,LAS,3703.4814982711464
AS,ANC,LAX,3770.8093237260714
AS,ANC,ORD,4568.377272381567
AS,ANC,PDX,2476.733142357102
AS,ANC,SEA,2325.6404459758587
AS,ATL,BNA,344.43307950741485
AS,ATL,CHS,416.0630081305395
AS,ATL,CLT,364.56708046970965
AS,ATL,LAX,3125.776526360189
AS,ATL,MSY,683.5719060307282
AS,ATL,PDX,3489.1612400893227
AS,ATL,RDU,572.24839306195
AS,ATL,SEA,3504.977057741039
AS,ATL,SLC,2553.604187970751
AS,BDL,LAX,4057.3313327474443
AS,BNA,ATL,344.43307950741485
AS,BNA,LAX,2886.3192287624256
AS,BOI,PDX,552.6238974961616
AS,BOI,SEA,641.1323071479725
AS,BOS,LAX,4193.02908746007
AS,BOS,PDX,4072.319804493596
AS,BOS,SEA,4005.5088356419633
AS,CHS,ATL,416.0630081305395
AS,CLT,ATL,364.56708046970965
AS,DEN,LAX,1385.139203807797
AS,DEN,SEA,1645.0658311574032
AS,DFW,LAX,1983.1744750180885
AS,DFW,PDX,2597.0509238361133
AS,DFW,SEA,2668.1529866142673
AS,DTW,PDX,3134.945507872401
AS,EWR,SEA,3854.814176826073
AS,HNL,ANC,4474.049817076288
AS,HNL,LAX,4108.224323399248
AS,HNL,PDX,4188.14424814025
AS,HNL,SEA,4307.910295959234
AS,IND,LAX,2912.8778685305833
AS,JFK,LAX,3974.1967108791923
AS,JFK,SEA,3886.6379044866676
AS,LAS,ANC,3703.4814982711464
AS,LAS,PDX,1227.6645759830778
AS,LAS,SEA,1395.109205750935
AS,LAX,ANC,3770.8093237260714
AS,LAX,ATL,3125.776526360189
AS,LAX,BDL,4057.3313327474443
AS,LAX,BNA,2886.3192287624256
AS,LAX,BOS,4193.02908746007
AS,LAX,DEN,1385.139203807797
AS,LAX,DFW,1983.1744750180885
AS,LAX,HNL,4108.224323399248
AS,LAX,IND,2912.8778685305833
AS,LAX,JFK,3974.1967108791923
AS,LAX,MCO,3562.3146853313297
AS,LAX,MSY,2682.854984679617
AS,LAX,OKC,1906.2071383647533
AS,LAX,ORD,2802.1160076904785
AS,LAX,PDX,1343.0896596192872
AS,LAX,PHX,594.3608778208186
AS,LAX,RDU,3594.5314691820645
AS,LAX,SEA,1536.9096838729733
AS,LAX,STL,2556.762811981745
AS,MCO,LAX,3562.3146853313297
AS,MCO,SEA,4104.686595514186
AS,MSP,LAX,2467.2941748789744
AS,MSP,SEA,2244.808454894288
AS,MSY,ATL,683.5719060307282
AS,MSY,LAX,2682.854984679617
AS,MSY,SLC,2296.2373593016982
AS,OKC,LAX,1906.2071383647533
AS,OMA,SEA,2195.38409373971
AS,ORD,ANC,4568.377272381567
AS,ORD,LAX,2802.1160076904785
AS,ORD,MSY,1349.2498778486827
AS,ORD,PDX,2791.6556313778096
AS,ORD,SEA,2761.751624349704
AS,PDX,ANC,2476.733142357102
AS,PDX,ATL,3489.1612400893227
AS,PDX,BOI,552.6238974961616
AS,PDX,BOS,4072.319804493596
AS,PDX,DFW,2597.0509238361133
AS,PDX,DTW,3134.945507872401
AS,PDX,HNL,4188.14424814025
AS,PDX,LAS,1227.6645759830778
AS,PDX,LAX,1343.0896596192872
AS,PDX,ORD,2791.6556313778096
AS,PDX,PHX,1625.0856639054705
AS,PDX,SEA,208.03423966491653
AS,PDX,SLC,1011.7527821341124
AS,PHL,SEA,3817.6538907073505
AS,PHX,LAX,594.3608778208186
AS,PHX,PDX,1625.0856639054705
AS,PHX,SEA,1781.8234816966544
AS,RDU,ATL,572.24839306195
AS,RDU,LAX,3594.5314691820645
AS,SEA,ANC,2325.6404459758587
AS,SEA,ATL,3504.977057741039
AS,SEA,BOI,641.1323071479725
AS,SEA,BOS,4005.5088356419633
AS,SEA,DEN,1645.0658311574032
AS,SEA,DFW,2668.1529866142673
AS,SEA,EWR,3854.814176826073
AS,SEA,HNL,4307.910295959234
AS,SEA,JFK,3886.6379044866676
AS,SEA,LAS,1395.109205750935
AS,SEA,LAX,1536.9096838729733
AS,SEA,MCO,4104.686595514186
AS,SEA,MSP,2244.808454894288
AS,SEA,OMA,2195.38409373971
AS,SEA,ORD,2761.751624349704
AS,SEA,PDX,208.03423966491653
AS,SEA,PHL,3817.6538907073505
AS,SEA,PHX,1781.8234816966544
AS,SEA,SLC,1106.7145012868907
AS,SEA,STL,2744.344982350002
AS,SLC,ATL,2553.604187970751
AS,SLC,CVG,2327.6425913742223
AS,SLC,LAX,949.3163049513364
AS,SLC,MSY,2296.2373593016982
AS,SLC,PDX,1011.7527821341124
AS,SLC,SEA,1106.7145012868907
AS,STL,LAX,2556.762811981745
AS,STL,SEA,2744.344982350002
AZ,ATL,BDL,1382.3194090292877
AZ,ATL,BNA,344.43307950741485
AZ,ATL,BOS,1521.5537657651762
AZ,ATL,BWI,927.5307689689371
AZ,ATL,CHS,416.0630081305395
AZ,ATL,CLT,364.56708046970965
AZ,ATL,CVG,602.1803007933797
AZ,ATL,DEN,1926.617829778416
AZ,ATL,DFW,1174.5318236036762
AZ,ATL,DTW,958.1975913594932
AZ,ATL,EWR,1199.3163539241518
AZ,ATL,IAD,859.0311610793251
AZ,ATL,IND,696.265301572822
AZ,ATL,JFK,1222.0934389187264
AZ,ATL,LAS,2804.8279085707227
AZ,ATL,LAX,3125.776526360189
AZ,ATL,MCO,650.7363446314486
AZ,ATL,MKE,1078.353344778379
AZ,ATL,MSP,1459.7181270186938
AZ,ATL,MSY,683.5719060307282
AZ,ATL,OKC,1221.645168739616
AZ,ATL,OMA,1321.0472363918204
AZ,ATL,ORD,976.3278291656198
AZ,ATL,PDX,3489.1612400893227
AZ,ATL,PHL,1071.592953109364
AZ,ATL,PHX,2549.081233958843
AZ,ATL,RDU,572.24839306195
AZ,ATL,SEA,3504.977057741039
AZ,ATL,SLC,2553.604187970751
AZ,ATL,STL,779.0051856208638
AZ,BDL,ATL,1382.3194090292877
AZ,BNA,ATL,344.43307950741485
AZ,BWI,ATL,927.5307689689371
AZ,CHS,ATL,416.0630081305395
AZ,CLE,ATL,893.816089349385
AZ,CLT,ATL,364.56708046970965
AZ,CVG,ATL,602.1803007933797
AZ,DEN,ATL,1926.617829778416
AZ,DFW,ATL,1174.5318236036762
AZ,DTW,ATL,958.1975913594932
AZ,EWR,ATL,1199.3163539241518
AZ,IAD,ATL,859.0311610793251
AZ,IND,ATL,696.265301572822
AZ,JFK,ATL,1222.0934389187264
AZ,JFK,MSY,1901.4897105100436
AZ,LAS,ATL,2804.8279085707227
AZ,MCO,ATL,650.7363446314486
AZ,MKE,ATL,1078.353344778379
AZ,MSY,ATL,683.5719060307282
AZ,MSY,JFK,1901.4897105100436
AZ,OMA,ATL,1321.0472363918204
AZ,ORD,ATL,976.3278291656198
AZ,PHL,ATL,1071.592953109364
AZ,PHX,ATL,2549.081233958843
AZ,RDU,ATL,572.24839306195
AZ,SEA,ATL,3504.977057741039
AZ,SLC,ATL,2553.604187970751
AZ,STL,ATL,779.0051856208638
B6,BDL,MCO,1692.2136550323467
B6,BOS,BWI,594.0541197280135
B6,BOS,CHS,1317.727548970569
B6,BOS,CLT,1170.6751257417918
B6,BOS,DEN,2815.7313319048426
B6,BOS,DFW,2509.268905512098
B6,BOS,DTW,1014.9910017419462
B6,BOS,EWR,322.30617955799215
B6,BOS,IAD,663.5496263538276
B6,BOS,JFK,300.1779770895026
B6,BOS,LAS,3822.670846998289
B6,BOS,LAX,4193.02908746007
B6,BOS,MCO,1805.9747627053528
B6,BOS,MSY,2199.567674669334
B6,BOS,ORD,1391.078325285235
B6,BOS,PDX,4072.319804493596
B6,BOS,PHL,450.1419758792534
B6,BOS,PHX,3693.7754228607205
B6,BOS,RDU,984.5089063904311
B6,BOS,SEA,4005.5088356419633
B6,BWI,BOS,594.0541197280135
B6,CHS,BOS,1317.727548970569
B6,CHS,JFK,1025.0077423756181
B6,CLT,BOS,1170.6751257417918
B6,CLT,JFK,870.5292109233397
B6,DEN,BOS,2815.7313319048426
B6,DEN,JFK,2609.7820968124765
B6,DFW,BOS,2509.268905512098
B6,DTW,BOS,1014.9910017419462
B6,EWR,BOS,322.30617955799215
B6,EWR,MCO,1510.8818234426883
B6,IAD,BOS,663.5496263538276
B6,IAD,JFK,366.3199056673762
B6,JFK,BOS,300.1779770895026
B6,JFK,CHS,1025.0077423756181
B6,JFK,CLT,870.5292109233397
B6,JFK,DEN,2609.7820968124765
B6,JFK,IAD,366.3199056673762
B6,JFK,LAS,3609.2825234219504
B6,JFK,LAX,3974.1967108791923
B6,JFK,MCO,1521.3886141530443
B6,JFK,MSY,1901.4897105100436
B6,JFK,ORD,1187.8355870120465
B6,JFK,PDX,3938.865864603751
B6,JFK,PHX,3458.11906367387
B6,JFK,RDU,686.50304121785
B6,JFK,SEA,3886.6379044866676
B6,JFK,SLC,3193.601944535752
B6,LAS,BOS,3822.670846998289
B6,LAS,JFK,3609.2825234219504
B6,LAX,BOS,4193.02908746007
B6,LAX,JFK,3974.1967108791923
B6,MCO,BDL,1692.2136550323467
B6,MCO,BOS,1805.9747627053528
B6,MCO,EWR,1510.8818234426883
B6,MCO,JFK,1521.3886141530443
B6,MSY,BOS,2199.567674669334
B6,MSY,JFK,1901.4897105100436
B6,ORD,BOS,1391.078325285235
B6,ORD,JFK,1187.8355870120465
B6,PDX,BOS,4072.319804493596
B6,PDX,JFK,3938.865864603751
B6,PHL,BOS,450.1419758792534
B6,PHX,BOS,3693.7754228607205
B6,PHX,JFK,3458.11906367387
B6,RDU,BOS,984.5089063904311
B6,RDU,JFK,686.50304121785
B6,SEA,BOS,4005.5088356419633
B6,SEA,JFK,3886.6379044866676
B6,SLC,JFK,3193.601944535752
BA,ATL,DFW,1174.5318236036762
BA,ATL,ORD,976.3278291656198
BA,DFW,ATL,1174.5318236036762
BA,DFW,MSY,719.4399852682247
BA,MSY,DFW,719.4399852682247
BA,MSY,ORD,1349.2498778486827
BA,ORD,ATL,976.3278291656198
BA,ORD,MSY,1349.2498778486827
CI,ATL,DFW,1174.5318236036762
CI,ATL,LAX,3125.776526360189
CI,LAX,ATL,3125.776526360189
CI,LAX,MSY,2682.854984679617
CI,MSY,LAX,2682.854984679617
CX,ATL,ORD,976.3278291656198
CX,MSY,DFW,719.4399852682247
CX,ORD,ATL,976.3278291656198
DL,ANC,MSP,4041.9989338836576
DL,ANC,SEA,2325.6404459758587
DL,ANC,SLC,3412.953700300381
DL,ATL,BDL,1382.3194090292877
DL,ATL,BNA,344.43307950741485
DL,ATL,BOS,1521.5537657651762
DL,ATL,BWI,927.5307689689371
DL,ATL,CHS,416.0630081305395
DL,ATL,CLE,893.816089349385
DL,ATL,CLT,364.56708046970965
DL,ATL,CVG,602.1803007933797
DL,ATL,DEN,1926.617829778416
DL,ATL,DFW,1174.5318236036762
DL,ATL,DTW,958.1975913594932
DL,ATL,EWR,1199.3163539241518
DL,ATL,HNL,7233.925149073076
DL,ATL,IAD,859.0311610793251
DL,ATL,IND,696.265301572822
DL,ATL,JFK,1222.0934389187264
DL,ATL,LAS,2804.8279085707227
DL,ATL,LAX,3125.776526360189
DL,ATL,MCO,650.7363446314486
DL,ATL,MKE,1078.353344778379
DL,ATL,MSP,1459.7181270186938
DL,ATL,MSY,683.5719060307282
DL,ATL,OKC,1221.645168739616
DL,ATL,OMA,1321.0472363918204
DL,ATL,ORD,976.3278291656198
DL,ATL,PDX,3489.1612400893227
DL,ATL,PHL,1071.592953109364
DL,ATL,PHX,2549.081233958843
DL,ATL,RDU,572.24839306195
DL,ATL,SEA,3504.977057741039
DL,ATL,SLC,2553.604187970751
DL,ATL,STL,779.0051856208638
DL,BDL,ATL,1382.3194090292877
DL,BDL,CVG,1062.0923369501193
DL,BDL,DTW,880.6219068988271
DL,BDL,MCO,1692.2136550323467
DL,BDL,MSP,1686.2242338900546
DL,BDL,RDU,855.781668827202
DL,BNA,ATL,344.43307950741485
DL,BNA,CVG,370.2622429178884
DL,BNA,DTW,734.9601236214947
DL,BNA,JFK,1229.76124690041
DL,BNA,LAX,2886.3192287624256
DL,BNA,MCO,992.9995244840851
DL,BNA,MSP,1119.0688239256497
DL,BNA,SLC,2254.6572661094874
DL,BOI,MSP,1832.5400585277528
DL,BOI,SLC,466.41036209582063
DL,BOS,ATL,1521.5537657651762
DL,BOS,CHS,1317.727548970569
DL,BOS,CVG,1207.620859293131
DL,BOS,DTW,1014.9910017419462
DL,BOS,IND,1313.651376994516
DL,BOS,JFK,300.1779770895026
DL,BOS,LAS,3822.670846998289
DL,BOS,LAX,4193.02908746007
DL,BOS,MCO,1805.9747627053528
DL,BOS,MSP,1804.231297832816
DL,BOS,RDU,984.5089063904311
DL,BOS,SLC,3379.554025747815
DL,BWI,ATL,927.5307689689371
DL,BWI,CVG,690.0979314610594
DL,BWI,DTW,656.7378494155649
DL,BWI,JFK,295.3609443349576
DL,BWI,MSP,1503.6277553075483
DL,BWI,RDU,411.53954635159624
DL,BWI,SLC,2993.4923800262877
DL,CHS,ATL,416.0630081305395
DL,CHS,BOS,1317.727548970569
DL,CHS,DTW,1075.7878754416759
DL,CHS,JFK,1025.0077423756181
DL,CLE,ATL,893.816089349385
DL,CLE,DTW,153.1487860666993
DL,CLE,JFK,682.2070027191422
DL,CLE,MSP,998.9095861549561
DL,CLT,ATL,364.56708046970965
DL,CLT,CVG,539.1946917771504
DL,CLT,DTW,805.6961397417941
DL,CLT,JFK,870.5292109233397
DL,CLT,MSP,1496.0732153972012
DL,CLT,SLC,2773.5940144543915
DL,CVG,ATL,602.1803007933797
DL,CVG,BDL,1062.0923369501193
DL,CVG,BNA,370.2622429178884
DL,CVG,BOS,1207.620859293131
DL,CVG,BWI,690.0979314610594
DL,CVG,CLT,539.1946917771504
DL,CVG,DEN,1716.3564135826161
DL,CVG,DFW,1304.7619647657154
DL,CVG,DTW,368.8351132906091
DL,CVG,EWR,913.8601575616502
DL,CVG,JFK,945.6585044128641
DL,CVG,LAS,2694.380900865553
DL,CVG,LAX,3050.927830388265
DL,CVG,MCO,1220.7161137863638
DL,CVG,MKE,511.10651644980004
DL,CVG,MSP,958.6422485849018
DL,CVG,MSY,1129.0632517044194
DL,CVG,ORD,425.3843061709205
DL,CVG,PHL,814.0504907798611
DL,CVG,RDU,627.2341109232949
DL,CVG,SLC,2327.6425913742223
DL,CVG,STL,494.50359895752536
DL,DEN,ATL,1926.617829778416
DL,DEN,CVG,1716.3564135826161
DL,DEN,DTW,1802.29676144385
DL,DEN,JFK,2609.7820968124765
DL,DEN,MSP,1092.3524664337463
DL,DEN,SLC,627.5898241586556
DL,DFW,ATL,1174.5318236036762
DL,DFW,CVG,1304.7619647657154
DL,DFW,DTW,1586.4188216950533
DL,DFW,JFK,2234.8961320494536
DL,DFW,MSP,1372.5779149181371
DL,DFW,SLC,1589.4643663084744
DL,DTW,ATL,958.1975913594932
DL,DTW,BDL,880.6219068988271
DL,DTW,BNA,734.9601236214947
DL,DTW,BOS,1014.9910017419462
DL,DTW,BWI,656.7378494155649
DL,DTW,CHS,1075.7878754416759
DL,DTW,CLE,153.1487860666993
DL,DTW,CLT,805.6961397417941
DL,DTW,CVG,368.8351132906091
DL,DTW,DEN,1802.29676144385
DL,DTW,DFW,1586.4188216950533
DL,DTW,EWR,783.4745413373379
DL,DTW,IAD,616.2904054888395
DL,DTW,IND,371.371036576111
DL,DTW,JFK,816.7229271645703
DL,DTW,LAS,2808.0196439155147
DL,DTW,LAX,3178.0381034045095
DL,DTW,MCO,1543.647219631573
DL,DTW,MKE,380.7977917942252
DL,DTW,MSP,848.2450060319558
DL,DTW,MSY,1492.2718862170018
DL,DTW,OKC,1445.9689734516053
DL,DTW,OMA,1044.1675578336149
DL,DTW,ORD,376.3886323781449
DL,DTW,PDX,3134.945507872401
DL,DTW,PHL,728.0522353255226
DL,DTW,PHX,2683.9796496758554
DL,DTW,RDU,806.939838939455
DL,DTW,SEA,3093.0075544689666
DL,DTW,SLC,2377.89153725762
DL,DTW,STL,707.1007840048776
DL,EWR,ATL,1199.3163539241518
DL,EWR,CVG,913.8601575616502
DL,EWR,DTW,783.4745413373379
DL,EWR,MSP,1618.7254431219808
DL,EWR,SLC,3160.2462483515546
DL,HNL,ATL,7233.925149073076
DL,HNL,LAX,4108.224323399248
DL,HNL,SEA,4307.910295959234
DL,HNL,SLC,4813.144633587761
DL,IAD,ATL,859.0311610793251
DL,IAD,DTW,616.2904054888395
DL,IAD,JFK,366.3199056673762
DL,IAD,MSP,1458.700703479289
DL,IND,ATL,696.265301572822
DL,IND,BOS,1313.651376994516
DL,IND,DTW,371.371036576111
DL,IND,JFK,1067.3034122661404
DL,IND,LAX,2912.8778685305833
DL,IND,MCO,1335.8906377554526
DL,IND,MSP,808.3685189891058
DL,IND,RDU,785.2750441405493
DL,IND,SLC,2175.0744366842914
DL,JFK,ATL,1222.0934389187264
DL,JFK,BNA,1229.76124690041
DL,JFK,BOS,300.1779770895026
DL,JFK,BWI,295.3609443349576
DL,JFK,CHS,1025.0077423756181
DL,JFK,CLE,682.2070027191422
DL,JFK,CLT,870.5292109233397
DL,JFK,CVG,945.6585044128641
DL,JFK,DEN,2609.7820968124765
DL,JFK,DFW,2234.8961320494536
DL,JFK,DTW,816.7229271645703
DL,JFK,IAD,366.3199056673762
DL,JFK,IND,1067.3034122661404
DL,JFK,LAS,3609.2825234219504
DL,JFK,LAX,3974.1967108791923
DL,JFK,MCO,1521.3886141530443
DL,JFK,MSP,1651.2739730433525
DL,JFK,MSY,1901.4897105100436
DL,JFK,ORD,1187.8355870120465
DL,JFK,PDX,3938.865864603751
DL,JFK,PHL,150.6196040164648
DL,JFK,PHX,3458.11906367387
DL,JFK,RDU,686.50304121785
DL,JFK,SEA,3886.6379044866676
DL,JFK,SLC,3193.601944535752
DL,JFK,STL,1432.8264174114177
DL,LAS,ATL,2804.8279085707227
DL,LAS,BOS,3822.670846998289
DL,LAS,CVG,2694.380900865553
DL,LAS,DTW,2808.0196439155147
DL,LAS,JFK,3609.2825234219504
DL,LAS,LAX,379.9942734236406
DL,LAS,MCO,3276.0929710750715
DL,LAS,MSP,2087.765776302291
DL,LAS,RDU,3252.818399079751
DL,LAS,SEA,1395.109205750935
DL,LAS,SLC,591.9385966173799
DL,LAX,ATL,3125.776526360189
DL,LAX,BNA,2886.3192287624256
DL,LAX,BOS,4193.02908746007
DL,LAX,CVG,3050.927830388265
DL,LAX,DTW,3178.0381034045095
DL,LAX,HNL,4108.224323399248
DL,LAX,IND,2912.8778685305833
DL,LAX,JFK,3974.1967108791923
DL,LAX,LAS,379.9942734236406
DL,LAX,MCO,3562.3146853313297
DL,LAX,MSP,2467.2941748789744
DL,LAX,MSY,2682.854984679617
DL,LAX,PDX,1343.0896596192872
DL,LAX,PHX,594.3608778208186
DL,LAX,RDU,3594.5314691820645
DL,LAX,SEA,1536.9096838729733
DL,LAX,SLC,949.3163049513364
DL,MCO,ATL,650.7363446314486
DL,MCO,BDL,1692.2136550323467
DL,MCO,BNA,992.9995244840851
DL,MCO,BOS,1805.9747627053528
DL,MCO,CVG,1220.7161137863638
DL,MCO,DTW,1543.647219631573
DL,MCO,IND,1335.8906377554526
DL,MCO,JFK,1521.3886141530443
DL,MCO,LAS,3276.0929710750715
DL,MCO,LAX,3562.3146853313297
DL,MCO,MKE,1719.0016535729676
DL,MCO,MSP,2110.4373511984977
DL,MCO,OMA,1948.9356287123235
DL,MCO,RDU,861.4463535882818
DL,MCO,SLC,3103.28338245638
DL,MKE,ATL,1078.353344778379
DL,MKE,CVG,511.10651644980004
DL,MKE,DTW,380.7977917942252
DL,MKE,MCO,1719.0016535729676
DL,MKE,MSP,477.6082024317912
DL,MSP,ANC,4041.9989338836576
DL,MSP,ATL,1459.7181270186938
DL,MSP,BDL,1686.2242338900546
DL,MSP,BNA,1119.0688239256497
DL,MSP,BOI,1832.5400585277528
DL,MSP,BOS,1804.231297832816
DL,MSP,BWI,1503.6277553075483
DL,MSP,CLE,998.9095861549561
DL,MSP,CLT,1496.0732153972012
DL,MSP,CVG,958.6422485849018
DL,MSP,DEN,1092.3524664337463
DL,MSP,DFW,1372.5779149181371
DL,MSP,DTW,848.2450060319558
DL,MSP,EWR,1618.7254431219808
DL,MSP,IAD,1458.700703479289
DL,MSP,IND,808.3685189891058
DL,MSP,JFK,1651.2739730433525
DL,MSP,LAS,2087.765776302291
DL,MSP,LAX,2467.2941748789744
DL,MSP,MCO,2110.4373511984977
DL,MSP,MKE,477.6082024317912
DL,MSP,MSY,1675.7693401753959
DL,MSP,OKC,1118.398814518163
DL,MSP,OMA,453.19444214074423
DL,MSP,ORD,536.9953198971815
DL,MSP,PDX,2288.6901090600986
DL,MSP,PHL,1574.423331347321
DL,MSP,PHX,2051.7078346953285
DL,MSP,RDU,1576.1567326527227
DL,MSP,SEA,2244.808454894288
DL,MSP,SLC,1591.5333540705722
DL,MSP,STL,721.6524902555551
DL,MSY,ATL,683.5719060307282
DL,MSY,CVG,1129.0632517044194
DL,MSY,DTW,1492.2718862170018
DL,MSY,JFK,1901.4897105100436
DL,MSY,LAX,2682.854984679617
DL,MSY,MSP,1675.7693401753959
DL,MSY,SLC,2296.2373593016982
DL,OKC,ATL,1221.645168739616
DL,OKC,DTW,1445.9689734516053
DL,OKC,MSP,1118.398814518163
DL,OKC,SLC,1391.592330482247
DL,OMA,ATL,1321.0472363918204
DL,OMA,DTW,1044.1675578336149
DL,OMA,MCO,1948.9356287123235
DL,OMA,MSP,453.19444214074423
DL,OMA,SLC,1348.1041798449828
DL,ORD,ATL,976.3278291656198
DL,ORD,CVG,425.3843061709205
DL,ORD,DTW,376.3886323781449
DL,ORD,JFK,1187.8355870120465
DL,ORD,MSP,536.9953198971815
DL,ORD,SLC,2006.1548248592053
DL,PDX,ATL,3489.1612400893227
DL,PDX,DTW,3134.945507872401
DL,PDX,JFK,3938.865864603751
DL,PDX,LAX,1343.0896596192872
DL,PDX,MSP,2288.6901090600986
DL,PDX,SLC,1011.7527821341124
DL,PHL,ATL,1071.592953109364
DL,PHL,CVG,814.0504907798611
DL,PHL,DTW,728.0522353255226
DL,PHL,JFK,150.6196040164648
DL,PHL,MSP,1574.423331347321
DL,PHL,RDU,542.2505492934448
DL,PHL,SLC,3092.8145624354906
DL,PHX,ATL,2549.081233958843
DL,PHX,DTW,2683.9796496758554
DL,PHX,JFK,3458.11906367387
DL,PHX,LAX,594.3608778208186
DL,PHX,MSP,2051.7078346953285
DL,PHX,SLC,817.7440677116468
DL,RDU,ATL,572.24839306195
DL,RDU,BDL,855.781668827202
DL,RDU,BOS,984.5089063904311
DL,RDU,BWI,411.53954635159624
DL,RDU,CVG,627.2341109232949
DL,RDU,DTW,806.939838939455
DL,RDU,IND,785.2750441405493
DL,RDU,JFK,686.50304121785
DL,RDU,LAS,3252.818399079751
DL,RDU,LAX,3594.5314691820645
DL,RDU,MCO,861.4463535882818
DL,RDU,MSP,1576.1567326527227
DL,RDU,PHL,542.2505492934448
DL,RDU,SLC,2927.919937588275
DL,SEA,ANC,2325.6404459758587
DL,SEA,ATL,3504.977057741039
DL,SEA,DTW,3093.0075544689666
DL,SEA,HNL,4307.910295959234
DL,SEA,JFK,3886.6379044866676
DL,SEA,LAS,1395.109205750935
DL,SEA,LAX,1536.9096838729733
DL,SEA,MSP,2244.808454894288
DL,SEA,SLC,1106.7145012868907
DL,SLC,ANC,3412.953700300381
DL,SLC,ATL,2553.604187970751
DL,SLC,BNA,2254.6572661094874
DL,SLC,BOI,466.41036209582063
DL,SLC,BOS,3379.554025747815
DL,SLC,BWI,2993.4923800262877
DL,SLC,CLT,2773.5940144543915
DL,SLC,CVG,2327.6425913742223
DL,SLC,DEN,627.5898241586556
DL,SLC,DFW,1589.4643663084744
DL,SLC,DTW,2377.89153725762
DL,SLC,EWR,3160.2462483515546
DL,SLC,HNL,4813.144633587761
DL,SLC,IND,2175.0744366842914
DL,SLC,JFK,3193.601944535752
DL,SLC,LAS,591.9385966173799
DL,SLC,LAX,949.3163049513364
DL,SLC,MCO,3103.28338245638
DL,SLC,MSP,1591.5333540705722
DL,SLC,MSY,2296.2373593016982
DL,SLC,OKC,1391.592330482247
DL,SLC,OMA,1348.1041798449828
DL,SLC,ORD,2006.1548248592053
DL,SLC,PDX,1011.7527821341124
DL,SLC,PHL,3092.8145624354906
DL,SLC,PHX,817.7440677116468
DL,SLC,RDU,2927.919937588275
DL,SLC,SEA,1106.7145012868907
DL,SLC,STL,1855.894987036723
DL,STL,ATL,779.0051856208638
DL,STL,CVG,494.50359895752536
DL,STL,DTW,707.1007840048776
DL,STL,JFK,1432.8264174114177
DL,STL,MSP,721.6524902555551
DL,STL,SLC,1855.894987036723
EI,ATL,ORD,976.3278291656198
EI,MSY,ORD,1349.2498778486827
EI,ORD,ATL,976.3278291656198
EI,ORD,MSY,1349.2498778486827
EY,ATL,ORD,976.3278291656198
EY,JFK,LAS,3609.2825234219504
EY,JFK,MSY,1901.4897105100436
EY,LAS,JFK,3609.2825234219504
EY,MSY,JFK,1901.4897105100436
EY,ORD,ATL,976.3278291656198
EY,ORD,MSY,1349.2498778486827
F9,ATL,DEN,1926.617829778416
F9,BNA,DEN,1627.5841721572424
F9,CLE,DEN,1927.923366854876
F9,CVG,DEN,1716.3564135826161
F9,DEN,ATL,1926.617829778416
F9,DEN,BNA,1627.5841721572424
F9,DEN,CLE,1927.923366854876
F9,DEN,CVG,1716.3564135826161
F9,DEN,DFW,1032.0980058772263
F9,DEN,DTW,1802.29676144385
F9,DEN,IND,1567.617192892777
F9,DEN,LAS,1009.3646188609895
F9,DEN,LAX,1385.139203807797
F9,DEN,MCO,2486.345941281008
F9,DEN,MKE,1437.9685598973165
F9,DEN,MSP,1092.3524664337463
F9,DEN,MSY,1708.0852572911863
F9,DEN,OKC,796.29194222731
F9,DEN,OMA,758.1398164012809
F9,DEN,PDX,1592.1750010014166
F9,DEN,PHX,968.5377565127925
F9,DEN,SEA,1645.0658311574032
F9,DEN,SLC,627.5898241586556
F9,DEN,STL,1235.5089963242701
F9,DFW,DEN,1032.0980058772263
F9,DTW,DEN,1802.29676144385
F9,IND,DEN,1567.617192892777
F9,LAS,DEN,1009.3646188609895
F9,LAX,DEN,1385.139203807797
F9,MCO,DEN,2486.345941281008
F9,MKE,DEN,1437.9685598973165
F9,MSP,DEN,1092.3524664337463
F9,MSY,DEN,1708.0852572911863
F9,OKC,DEN,796.29194222731
F9,OMA,DEN,758.1398164012809
F9,PDX,DEN,1592.1750010014166
F9,PHX,DEN,968.5377565127925
F9,SEA,DEN,1645.0658311574032
F9,SLC,DEN,627.5898241586556
F9,STL,DEN,1235.5089963242701
FL,ATL,BDL,1382.3194090292877
FL,ATL,BOS,1521.5537657651762
FL,ATL,BWI,927.5307689689371
FL,ATL,DEN,1926.617829778416
FL,ATL,DTW,958.1975913594932
FL,ATL,IND,696.265301572822
FL,ATL,LAS,2804.8279085707227
FL,ATL,LAX,3125.776526360189
FL,ATL,MCO,650.7363446314486
FL,ATL,MKE,1078.353344778379
FL,ATL,MSP,1459.7181270186938
FL,ATL,MSY,683.5719060307282
FL,ATL,OKC,1221.645168739616
FL,ATL,PHL,1071.592953109364
FL,ATL,PHX,2549.081233958843
FL,ATL,RDU,572.24839306195
FL,ATL,STL,779.0051856208638
FL,BDL,ATL,1382.3194090292877
FL,BDL,BWI,455.71907153198083
FL,BDL,MCO,1692.2136550323467
FL,BNA,BWI,943.6455736289753
FL,BNA,CHS,705.8250568807597
FL,BNA,MCO,992.9995244840851
FL,BOI,DEN,1042.2017842036057
FL,BOS,ATL,1521.5537657651762
FL,BOS,BWI,594.0541197280135
FL,BOS,MCO,1805.9747627053528
FL,BWI,ATL,927.5307689689371
FL,BWI,BDL,455.71907153198083
FL,BWI,BNA,943.6455736289753
FL,BWI,BOS,594.0541197280135
FL,BWI,CLE,504.80272463920585
FL,BWI,CLT,580.7082466113521
FL,BWI,DEN,2393.5462602764187
FL,BWI,DTW,656.7378494155649
FL,BWI,IND,828.3562995510918
FL,BWI,LAS,3381.120097805829
FL,BWI,LAX,3739.9133294910644
FL,BWI,MCO,1268.997707238202
FL,BWI,MSY,1606.1637288568575
FL,BWI,PHX,3209.737057716284
FL,BWI,RDU,411.53954635159624
FL,BWI,SLC,2993.4923800262877
FL,BWI,STL,1184.4863535432044
FL,CHS,BWI,760.804966040201
FL,CLE,DEN,1927.923366854876
FL,CLT,BWI,580.7082466113521
FL,CLT,MCO,755.2029149067863
FL,DEN,ATL,1926.617829778416
FL,DEN,BNA,1627.5841721572424
FL,DEN,BWI,2393.5462602764187
FL,DEN,IND,1567.617192892777
FL,DEN,LAS,1009.3646188609895
FL,DEN,LAX,1385.139203807797
FL,DEN,MCO,2486.345941281008
FL,DEN,MKE,1437.9685598973165
FL,DEN,MSP,1092.3524664337463
FL,DEN,MSY,1708.0852572911863
FL,DEN,OKC,796.29194222731
FL,DEN,OMA,758.1398164012809
FL,DEN,PHX,968.5377565127925
FL,DEN,SLC,627.5898241586556
FL,DTW,ATL,958.1975913594932
FL,DTW,BWI,656.7378494155649
FL,DTW,LAX,3178.0381034045095
FL,EWR,BNA,1201.009224713767
FL,EWR,MSY,1877.4286217865529
FL,IAD,DEN,2331.6937224643348
FL,IND,ATL,696.265301572822
FL,IND,BWI,828.3562995510918
FL,IND,DEN,1567.617192892777
FL,IND,LAS,2552.8599352379956
FL,IND,MCO,1335.8906377554526
FL,LAS,ATL,2804.8279085707227
FL,LAS,BWI,3381.120097805829
FL,LAS,DEN,1009.3646188609895
FL,LAS,IND,2552.8599352379956
FL,LAS,LAX,379.9942734236406
FL,LAS,MKE,2446.949535155072
FL,LAS,PHX,410.8486569165901
FL,LAS,RDU,3252.818399079751
FL,LAS,SEA,1395.109205750935
FL,LAS,SLC,591.9385966173799
FL,LAX,ATL,3125.776526360189
FL,LAX,DEN,1385.139203807797
FL,LAX,LAS,379.9942734236406
FL,LAX,MKE,2820.589968733282
FL,MCO,ATL,650.7363446314486
FL,MCO,BDL,1692.2136550323467
FL,MCO,BNA,992.9995244840851
FL,MCO,BOS,1805.9747627053528
FL,MCO,BWI,1268.997707238202
FL,MCO,CLT,755.2029149067863
FL,MCO,DEN,2486.345941281008
FL,MCO,IND,1335.8906377554526
FL,MCO,MKE,1719.0016535729676
FL,MCO,MSP,2110.4373511984977
FL,MCO,MSY,885.5163677891876
FL,MCO,PHL,1388.5554903516609
FL,MCO,PHX,2969.687914351297
FL,MCO,RDU,861.4463535882818
FL,MCO,STL,1419.930070368987
FL,MKE,ATL,1078.353344778379
FL,MKE,BOS,1380.5222917349154
FL,MKE,BWI,1029.4956608000005
FL,MKE,DEN,1437.9685598973165
FL,MKE,LAS,2446.949535155072
FL,MKE,LAX,2820.589968733282
FL,MKE,MCO,1719.0016535729676
FL,MKE,MSP,477.6082024317912
FL,MKE,MSY,1455.6182358361555
FL,MKE,PHX,2346.524863666096
FL,MKE,SEA,2719.289788813939
FL,MKE,STL,511.0464499102136
FL,MSP,ATL,1459.7181270186938
FL,MSP,DEN,1092.3524664337463
FL,MSP,MCO,2110.4373511984977
FL,MSP,MKE,477.6082024317912
FL,MSP,PHX,2051.7078346953285
FL,MSP,STL,721.6524902555551
FL,MSY,ATL,683.5719060307282
FL,MSY,BWI,1606.1637288568575
FL,MSY,DEN,1708.0852572911863
FL,MSY,EWR,1877.4286217865529
FL,MSY,LAS,2409.566137753854
FL,MSY,MCO,885.5163677891876
FL,MSY,MKE,1455.6182358361555
FL,MSY,STL,973.5985565164408
FL,OKC,ATL,1221.645168739616
FL,OKC,BWI,1894.4539249815293
FL,OKC,DEN,796.29194222731
FL,OKC,LAS,1583.8408600784528
FL,OKC,STL,741.7876850217668
FL,OMA,STL,549.3096024263962
FL,PDX,DEN,1592.1750010014166
FL,PDX,OKC,2384.536771595365
FL,PHL,ATL,1071.592953109364
FL,PHL,DEN,2500.3905990396725
FL,PHL,MCO,1388.5554903516609
FL,PHL,PHX,3332.8242496046537
FL,PHX,ATL,2549.081233958843
FL,PHX,DEN,968.5377565127925
FL,PHX,LAS,410.8486569165901
FL,PHX,PDX,1625.0856639054705
FL,PHX,PHL,3332.8242496046537
FL,RDU,ATL,572.24839306195
FL,RDU,BNA,710.1622694475742
FL,RDU,BWI,411.53954635159624
FL,RDU,MCO,861.4463535882818
FL,SEA,BWI,3748.136935901285
FL,SEA,DEN,1645.0658311574032
FL,SEA,LAS,1395.109205750935
FL,SEA,MKE,2719.289788813939
FL,SEA,PHX,1781.8234816966544
FL,SEA,SLC,1106.7145012868907
FL,SLC,BWI,2993.4923800262877
FL,SLC,LAS,591.9385966173799
FL,SLC,PDX,1011.7527821341124
FL,SLC,SEA,1106.7145012868907
FL,STL,ATL,779.0051856208638
FL,STL,BNA,437.41051654964065
FL,STL,BWI,1184.4863535432044
FL,STL,DEN,1235.5089963242701
FL,STL,DFW,885.3782369662816
FL,STL,DTW,707.1007840048776
FL,STL,LAS,2201.8653672194882
FL,STL,LAX,2556.762811981745
FL,STL,MKE,511.0464499102136
FL,STL,MSP,721.6524902555551
FL,STL,MSY,973.5985565164408
FL,STL,OKC,741.7876850217668
FL,STL,OMA,549.3096024263962
FL,STL,PHL,1306.00639355372
FL,STL,RDU,1072.0271708606151
G4,BOI,LAS,837.2052378781395
G4,HNL,LAS,4440.484785505456
G4,HNL,LAX,4108.224323399248
G4,LAS,BOI,837.2052378781395
G4,LAS,HNL,4440.484785505456
G4,LAX,HNL,4108.224323399248
HA,HNL,JFK,8006.7465443460205
HA,HNL,LAS,4440.484785505456
HA,HNL,LAX,4108.224323399248
HA,HNL,PDX,4188.14424814025
HA,HNL,PHX,4688.528565864707
HA,HNL,SEA,4307.910295959234
HA,JFK,HNL,8006.7465443460205
HA,JFK,LAS,3609.2825234219504
HA,LAS,HNL,4440.484785505456
HA,LAS,JFK,3609.2825234219504
HA,LAX,HNL,4108.224323399248
HA,PDX,HNL,4188.14424814025
HA,PHX,HNL,4688.528565864707
HA,SEA,HNL,4307.910295959234
IB,ATL,ORD,976.3278291656198
IB,ORD,ATL,976.3278291656198
IB,ORD,MSY,1349.2498778486827
JL,BOS,MSY,2199.567674669334
JL,BOS,MSY,2199.567674669334
JL,DFW,MSY,719.4399852682247
JL,DFW,MSY,719.4399852682247
JL,JFK,MSY,1901.4897105100436
JL,JFK,MSY,1901.4897105100436
JL,MSY,JFK,1901.4897105100436
JL,MSY,JFK,1901.4897105100436
JL,ORD,ATL,976.3278291656198
JL,ORD,ATL,976.3278291656198
JL,ORD,MSY,1349.2498778486827
JL,ORD,MSY,1349.2498778486827
KE,ATL,JFK,1222.0934389187264
KL,ATL,BDL,1382.3194090292877
KL,ATL,BNA,344.43307950741485
KL,ATL,BOS,1521.5537657651762
KL,ATL,BWI,927.5307689689371
KL,ATL,CHS,416.0630081305395
KL,ATL,CLE,893.816089349385
KL,ATL,CLT,364.56708046970965
KL,ATL,CVG,602.1803007933797
KL,ATL,DEN,1926.617829778416
KL,ATL,DFW,1174.5318236036762
KL,ATL,DTW,958.1975913594932
KL,ATL,EWR,1199.3163539241518
KL,ATL,IAD,859.0311610793251
KL,ATL,IND,696.265301572822
KL,ATL,JFK,1222.0934389187264
KL,ATL,LAS,2804.8279085707227
KL,ATL,LAX,3125.776526360189
KL,ATL,MCO,650.7363446314486
KL,ATL,MKE,1078.353344778379
KL,ATL,MSP,1459.7181270186938
KL,ATL,MSY,683.5719060307282
KL,ATL,OKC,1221.645168739616
KL,ATL,OMA,1321.0472363918204
KL,ATL,ORD,976.3278291656198
KL,ATL,PDX,3489.1612400893227
KL,ATL,PHL,1071.592953109364
KL,ATL,PHX,2549.081233958843
KL,ATL,RDU,572.24839306195
KL,ATL,SEA,3504.977057741039
KL,ATL,SLC,2553.604187970751
KL,ATL,STL,779.0051856208638
KL,BDL,ATL,1382.3194090292877
KL,BNA,ATL,344.43307950741485
KL,BOS,ATL,1521.5537657651762
KL,BWI,ATL,927.5307689689371
KL,CHS,ATL,416.0630081305395
KL,CLE,ATL,893.816089349385
KL,CLT,ATL,364.56708046970965
KL,CVG,ATL,602.1803007933797
KL,DEN,ATL,1926.617829778416
KL,DFW,ATL,1174.5318236036762
KL,DTW,ATL,958.1975913594932
KL,DTW,MSY,1492.2718862170018
KL,EWR,ATL,1199.3163539241518
KL,HNL,ATL,7233.925149073076
KL,HNL,LAX,4108.224323399248
KL,IAD,ATL,859.0311610793251
KL,IND,ATL,696.265301572822
KL,JFK,ATL,1222.0934389187264
KL,JFK,MSY,1901.4897105100436
KL,LAS,ATL,2804.8279085707227
KL,LAX,ATL,3125.776526360189
KL,LAX,MSP,2467.2941748789744
KL,LAX,MSY,2682.854984679617
KL,MCO,ATL,650.7363446314486
KL,MKE,ATL,1078.353344778379
KL,MSP,ATL,1459.7181270186938
KL,MSP,LAX,2467.2941748789744
KL,MSP,MSY,1675.7693401753959
KL,MSP,SEA,2244.808454894288
KL,MSY,ATL,683.5719060307282
KL,MSY,DTW,1492.2718862170018
KL,MSY,JFK,1901.4897105100436
KL,MSY,LAX,2682.854984679617
KL,OKC,ATL,1221.645168739616
KL,OMA,ATL,1321.0472363918204
KL,ORD,ATL,976.3278291656198
KL,PDX,ATL,3489.1612400893227
KL,PHL,ATL,1071.592953109364
KL,PHX,ATL,2549.081233958843
KL,RDU,ATL,572.24839306195
KL,SEA,ATL,3504.977057741039
KL,SEA,HNL,4307.910295959234
KL,SLC,ATL,2553.604187970751
KL,SLC,LAX,949.3163049513364
KL,STL,ATL,779.0051856208638
LH,ATL,IAD,859.0311610793251
LH,ATL,IAD,859.0311610793251
LH,ATL,ORD,976.3278291656198
LH,ATL,ORD,976.3278291656198
LH,EWR,MSY,1877.4286217865529
LH,EWR,MSY,1877.4286217865529
LH,IAD,ATL,859.0311610793251
LH,IAD,ATL,859.0311610793251
LH,IAD,MSY,1536.0363676547856
LH,IAD,MSY,1536.0363676547856
LH,JFK,MSY,1901.4897105100436
LH,JFK,MSY,1901.4897105100436
LH,MSY,EWR,1877.4286217865529
LH,MSY,EWR,1877.4286217865529
LH,MSY,IAD,1536.0363676547856
LH,MSY,IAD,1536.0363676547856
LH,MSY,JFK,1901.4897105100436
LH,MSY,JFK,1901.4897105100436
LH,ORD,ATL,976.3278291656198
LH,ORD,ATL,976.3278291656198
MH,ATL,ORD,976.3278291656198
MH,ORD,ATL,976.3278291656198
NH,ATL,IAD,859.0311610793251
NH,ATL,ORD,976.3278291656198
NH,IAD,ATL,859.0311610793251
NH,MSY,ORD,1349.2498778486827
NH,ORD,ATL,976.3278291656198
NH,ORD,MSY,1349.2498778486827
NK,ATL,DFW,1174.5318236036762
NK,BOS,DFW,2509.268905512098
NK,BOS,ORD,1391.078325285235
NK,BWI,DFW,1954.7685504854694
NK,BWI,LAS,3381.120097805829
NK,BWI,MSP,1503.6277553075483
NK,DEN,DFW,1032.0980058772263
NK,DEN,DTW,1802.29676144385
NK,DEN,LAS,1009.3646188609895
NK,DEN,MSP,1092.3524664337463
NK,DEN,ORD,1426.0220157520105
NK,DEN,PHX,968.5377565127925
NK,DFW,ATL,1174.5318236036762
NK,DFW,BOS,2509.268905512098
NK,DFW,BWI,1954.7685504854694
NK,DFW,DEN,1032.0980058772263
NK,DFW,DTW,1586.4188216950533
NK,DFW,LAS,1694.7999229712295
NK,DFW,LAX,1983.1744750180885
NK,DFW,MCO,1582.4157318228752
NK,DFW,MSP,1372.5779149181371
NK,DFW,MSY,719.4399852682247
NK,DFW,ORD,1290.6453049606575
NK,DFW,PDX,2597.0509238361133
NK,DFW,PHL,2092.8766575973477
NK,DFW,PHX,1393.8656724588768
NK,DTW,DEN,1802.29676144385
NK,DTW,DFW,1586.4188216950533
NK,DTW,LAS,2808.0196439155147
NK,DTW,LAX,3178.0381034045095
NK,DTW,MCO,1543.647219631573
NK,LAS,BWI,3381.120097805829
NK,LAS,DEN,1009.3646188609895
NK,LAS,DFW,1694.7999229712295
NK,LAS,DTW,2808.0196439155147
NK,LAS,LAX,379.9942734236406
NK,LAS,MSP,2087.765776302291
NK,LAS,ORD,2431.6928481174373
NK,LAS,PDX,1227.6645759830778
NK,LAS,PHL,3494.414109617585
NK,LAX,DFW,1983.1744750180885
NK,LAX,DTW,3178.0381034045095
NK,LAX,LAS,379.9942734236406
NK,LAX,MSP,2467.2941748789744
NK,LAX,ORD,2802.1160076904785
NK,MCO,DFW,1582.4157318228752
NK,MCO,DTW,1543.647219631573
NK,MCO,ORD,1620.0831318457797
NK,MSP,BWI,1503.6277553075483
NK,MSP,DEN,1092.3524664337463
NK,MSP,DFW,1372.5779149181371
NK,MSP,LAS,2087.765776302291
NK,MSP,LAX,2467.2941748789744
NK,MSP,ORD,536.9953198971815
NK,MSY,DFW,719.4399852682247
NK,ORD,BOS,1391.078325285235
NK,ORD,DEN,1426.0220157520105
NK,ORD,DFW,1290.6453049606575
NK,ORD,LAS,2431.6928481174373
NK,ORD,LAX,2802.1160076904785
NK,ORD,MCO,1620.0831318457797
NK,ORD,MSP,536.9953198971815
NK,PDX,DFW,2597.0509238361133
NK,PDX,LAS,1227.6645759830778
NK,PHL,DFW,2092.8766575973477
NK,PHL,LAS,3494.414109617585
NK,PHX,DEN,968.5377565127925
NK,PHX,DFW,1393.8656724588768
NZ,LAX,MSY,2682.854984679617
NZ,MSY,LAX,2682.854984679617
OZ,ATL,JFK,1222.0934389187264
OZ,ATL,JFK,1222.0934389187264
OZ,ATL,ORD,976.3278291656198
OZ,ATL,ORD,976.3278291656198
OZ,LAX,MSY,2682.854984679617
OZ,LAX,MSY,2682.854984679617
OZ,MSY,LAX,2682.854984679617
OZ,MSY,LAX,2682.854984679617
OZ,ORD,ATL,976.3278291656198
OZ,ORD,ATL,976.3278291656198
QF,ATL,DFW,1174.5318236036762
QF,ATL,ORD,976.3278291656198
QF,DFW,ATL,1174.5318236036762
QF,DFW,MSY,719.4399852682247
QF,JFK,LAX,3974.1967108791923
QF,LAX,JFK,3974.1967108791923
QF,MSY,DFW,719.4399852682247
QF,MSY,ORD,1349.2498778486827
QF,ORD,ATL,976.3278291656198
QF,ORD,MSY,1349.2498778486827
QR,ATL,ORD,976.3278291656198
QR,JFK,LAS,3609.2825234219504
QR,JFK,MSY,1901.4897105100436
QR,JFK,ORD,1187.8355870120465
QR,LAS,JFK,3609.2825234219504
QR,MSY,JFK,1901.4897105100436
QR,ORD,ATL,976.3278291656198
QR,ORD,JFK,1187.8355870120465
QR,ORD,MSY,1349.2498778486827
SQ,LAX,ORD,2802.1160076904785
SQ,LAX,ORD,2802.1160076904785
SU,ATL,JFK,1222.0934389187264
SU,JFK,ATL,1222.0934389187264
SY,BOS,MSP,1804.231297832816
SY,DFW,MSP,1372.5779149181371
SY,JFK,MSP,1651.2739730433525
SY,LAS,MSP,2087.765776302291
SY,LAX,MSP,2467.2941748789744
SY,MCO,MSP,2110.4373511984977
SY,MSP,BOS,1804.231297832816
SY,MSP,DFW,1372.5779149181371
SY,MSP,JFK,1651.2739730433525
SY,MSP,LAS,2087.765776302291
SY,MSP,LAX,2467.2941748789744
SY,MSP,MCO,2110.4373511984977
SY,MSP,PHX,2051.7078346953285
SY,MSP,SEA,2244.808454894288
SY,PHX,MSP,2051.7078346953285
SY,SEA,MSP,2244.808454894288
UA,ANC,DEN,3863.051706286908
UA,ANC,ORD,4568.377272381567
UA,ANC,SEA,2325.6404459758587
UA,ATL,CLE,893.816089349385
UA,ATL,DEN,1926.617829778416
UA,ATL,EWR,1199.3163539241518
UA,ATL,IAD,859.0311610793251
UA,ATL,ORD,976.3278291656198
UA,BDL,IAD,523.2906590305247
UA,BDL,ORD,1256.9832454841692
UA,BNA,CLE,721.4329747571312
UA,BNA,DEN,1627.5841721572424
UA,BNA,EWR,1201.009224713767
UA,BNA,IAD,871.0403276219868
UA,BNA,ORD,659.4850707493616
UA,BOI,DEN,1042.2017842036057
UA,BOI,LAX,1086.438982853877
UA,BOI,ORD,2306.969040121241
UA,BOS,CLE,903.3054851585906
UA,BOS,DEN,2815.7313319048426
UA,BOS,EWR,322.30617955799215
UA,BOS,IAD,663.5496263538276
UA,BOS,LAX,4193.02908746007
UA,BOS,ORD,1391.078325285235
UA,BWI,CLE,504.80272463920585
UA,BWI,DEN,2393.5462602764187
UA,BWI,EWR,271.78565278473644
UA,BWI,LAX,3739.9133294910644
UA,BWI,ORD,997.9705182564419
UA,CHS,CLE,960.0302011052186
UA,CHS,EWR,1011.5398829662855
UA,CHS,IAD,711.3294430607097
UA,CHS,ORD,1224.101681369769
UA,CLE,ATL,893.816089349385
UA,CLE,BNA,721.4329747571312
UA,CLE,BOS,903.3054851585906
UA,CLE,BWI,504.80272463920585
UA,CLE,CHS,960.0302011052186
UA,CLE,CLT,693.6656666196295
UA,CLE,DEN,1927.923366854876
UA,CLE,DFW,1641.733108732936
UA,CLE,EWR,648.8124178456535
UA,CLE,IAD,463.1654532819214
UA,CLE,IND,419.99223575786766
UA,CLE,LAS,2929.4137719458236
UA,CLE,LAX,3296.4265644558527
UA,CLE,MCO,1444.3990233038276
UA,CLE,MKE,526.553809783529
UA,CLE,MSP,998.9095861549561
UA,CLE,MSY,1477.5775173827774
UA,CLE,ORD,506.5652697563044
UA,CLE,PHX,2790.759520217516
UA,CLE,STL,782.6015209316523
UA,CLT,CLE,693.6656666196295
UA,CLT,EWR,850.2863949538682
UA,CLT,IAD,517.371064721726
UA,CLT,ORD,964.5786715815266
UA,CVG,DEN,1716.3564135826161
UA,CVG,EWR,913.8601575616502
UA,CVG,IAD,623.19665708859
UA,CVG,ORD,425.3843061709205
UA,DEN,ANC,3863.051706286908
UA,DEN,ATL,1926.617829778416
UA,DEN,BNA,1627.5841721572424
UA,DEN,BOI,1042.2017842036057
UA,DEN,BOS,2815.7313319048426
UA,DEN,BWI,2393.5462602764187
UA,DEN,CLE,1927.923366854876
UA,DEN,CVG,1716.3564135826161
UA,DEN,DFW,1032.0980058772263
UA,DEN,DTW,1802.29676144385
UA,DEN,EWR,2576.4064359879176
UA,DEN,HNL,5407.896766795556
UA,DEN,IAD,2331.6937224643348
UA,DEN,IND,1567.617192892777
UA,DEN,LAS,1009.3646188609895
UA,DEN,LAX,1385.139203807797
UA,DEN,MCO,2486.345941281008
UA,DEN,MKE,1437.9685598973165
UA,DEN,MSP,1092.3524664337463
UA,DEN,MSY,1708.0852572911863
UA,DEN,OKC,796.29194222731
UA,DEN,OMA,758.1398164012809
UA,DEN,ORD,1426.0220157520105
UA,DEN,PDX,1592.1750010014166
UA,DEN,PHL,2500.3905990396725
UA,DEN,PHX,968.5377565127925
UA,DEN,SEA,1645.0658311574032
UA,DEN,SLC,627.5898241586556
UA,DEN,STL,1235.5089963242701
UA,DFW,CLE,1641.733108732936
UA,DFW,DEN,1032.0980058772263
UA,DFW,EWR,2204.7901406770784
UA,DFW,IAD,1882.477930817527
UA,DFW,LAX,1983.1744750180885
UA,DFW,ORD,1290.6453049606575
UA,DTW,DEN,1802.29676144385
UA,DTW,EWR,783.4745413373379
UA,DTW,IAD,616.2904054888395
UA,DTW,ORD,376.3886323781449
UA,EWR,ATL,1199.3163539241518
UA,EWR,BNA,1201.009224713767
UA,EWR,BOS,322.30617955799215
UA,EWR,BWI,271.78565278473644
UA,EWR,CHS,1011.5398829662855
UA,EWR,CLE,648.8124178456535
UA,EWR,CLT,850.2863949538682
UA,EWR,CVG,913.8601575616502
UA,EWR,DEN,2576.4064359879176
UA,EWR,DFW,2204.7901406770784
UA,EWR,DTW,783.4745413373379
UA,EWR,HNL,7973.390332103413
UA,EWR,IAD,341.41750963320703
UA,EWR,IND,1034.620857849805
UA,EWR,LAS,3575.9997917369305
UA,EWR,LAX,3941.010291289656
UA,EWR,MCO,1510.8818234426883
UA,EWR,MKE,1163.4663189776477
UA,EWR,MSP,1618.7254431219808
UA,EWR,MSY,1877.4286217865529
UA,EWR,OKC,2127.639871936565
UA,EWR,OMA,1819.7552438970679
UA,EWR,ORD,1154.4536331215895
UA,EWR,PDX,3906.533130170651
UA,EWR,PHX,3425.3668935853048
UA,EWR,RDU,669.9653556597317
UA,EWR,SEA,3854.814176826073
UA,EWR,STL,1400.3447518662203
UA,HNL,DEN,5407.896766795556
UA,HNL,EWR,7973.390332103413
UA,HNL,IAD,7739.563817688131
UA,HNL,LAX,4108.224323399248
UA,HNL,ORD,6819.179027522827
UA,IAD,ATL,859.0311610793251
UA,IAD,BDL,523.2906590305247
UA,IAD,BNA,871.0403276219868
UA,IAD,BOS,663.5496263538276
UA,IAD,CHS,711.3294430607097
UA,IAD,CLE,463.1654532819214
UA,IAD,CLT,517.371064721726
UA,IAD,CVG,623.19665708859
UA,IAD,DEN,2331.6937224643348
UA,IAD,DFW,1882.477930817527
UA,IAD,DTW,616.2904054888395
UA,IAD,EWR,341.41750963320703
UA,IAD,HNL,7739.563817688131
UA,IAD,IND,764.7229350609839
UA,IAD,JFK,366.3199056673762
UA,IAD,LAS,3316.447513741009
UA,IAD,LAX,3674.03017724721
UA,IAD,MCO,1222.022744475121
UA,IAD,MSP,1458.700703479289
UA,IAD,MSY,1536.0363676547856
UA,IAD,OKC,1824.0701262895368
UA,IAD,OMA,1586.3848748893636
UA,IAD,ORD,945.4046267582833
UA,IAD,PDX,3736.24891411956
UA,IAD,PHL,216.41212659452708
UA,IAD,PHX,3141.573056393648
UA,IAD,RDU,360.7238149585809
UA,IAD,SEA,3701.6279535505223
UA,IAD,STL,1117.6685370700052
UA,IND,CLE,419.99223575786766
UA,IND,DEN,1567.617192892777
UA,IND,EWR,1034.620857849805
UA,IND,IAD,764.7229350609839
UA,IND,ORD,285.5951889162557
UA,JFK,IAD,366.3199056673762
UA,JFK,LAX,3974.1967108791923
UA,LAS,CLE,2929.4137719458236
UA,LAS,DEN,1009.3646188609895
UA,LAS,EWR,3575.9997917369305
UA,LAS,IAD,3316.447513741009
UA,LAS,LAX,379.9942734236406
UA,LAS,ORD,2431.6928481174373
UA,LAX,BOI,1086.438982853877
UA,LAX,BOS,4193.02908746007
UA,LAX,BWI,3739.9133294910644
UA,LAX,CLE,3296.4265644558527
UA,LAX,DEN,1385.139203807797
UA,LAX,DFW,1983.1744750180885
UA,LAX,EWR,3941.010291289656
UA,LAX,HNL,4108.224323399248
UA,LAX,IAD,3674.03017724721
UA,LAX,JFK,3974.1967108791923
UA,LAX,LAS,379.9942734236406
UA,LAX,MCO,3562.3146853313297
UA,LAX,MSP,2467.2941748789744
UA,LAX,MSY,2682.854984679617
UA,LAX,OKC,1906.2071383647533
UA,LAX,ORD,2802.1160076904785
UA,LAX,PDX,1343.0896596192872
UA,LAX,PHX,594.3608778208186
UA,LAX,SEA,1536.9096838729733
UA,LAX,SLC,949.3163049513364
UA,MCO,CLE,1444.3990233038276
UA,MCO,DEN,2486.345941281008
UA,MCO,EWR,1510.8818234426883
UA,MCO,IAD,1222.022744475121
UA,MCO,LAX,3562.3146853313297
UA,MCO,ORD,1620.0831318457797
UA,MKE,CLE,526.553809783529
UA,MKE,DEN,1437.9685598973165
UA,MKE,EWR,1163.4663189776477
UA,MKE,ORD,107.70559301189579
UA,MSP,CLE,998.9095861549561
UA,MSP,DEN,1092.3524664337463
UA,MSP,EWR,1618.7254431219808
UA,MSP,IAD,1458.700703479289
UA,MSP,LAX,2467.2941748789744
UA,MSP,ORD,536.9953198971815
UA,MSY,CLE,1477.5775173827774
UA,MSY,DEN,1708.0852572911863
UA,MSY,EWR,1877.4286217865529
UA,MSY,IAD,1536.0363676547856
UA,MSY,LAX,2682.854984679617
UA,MSY,ORD,1349.2498778486827
UA,OKC,DEN,796.29194222731
UA,OKC,EWR,2127.639871936565
UA,OKC,IAD,1824.0701262895368
UA,OKC,LAX,1906.2071383647533
UA,OKC,ORD,1114.2406246539097
UA,OMA,DEN,758.1398164012809
UA,OMA,EWR,1819.7552438970679
UA,OMA,ORD,667.8847593393182
UA,ORD,ANC,4568.377272381567
UA,ORD,ATL,976.3278291656198
UA,ORD,BDL,1256.9832454841692
UA,ORD,BNA,659.4850707493616
UA,ORD,BOI,2306.969040121241
UA,ORD,BOS,1391.078325285235
UA,ORD,BWI,997.9705182564419
UA,ORD,CHS,1224.101681369769
UA,ORD,CLE,506.5652697563044
UA,ORD,CLT,964.5786715815266
UA,ORD,CVG,425.3843061709205
UA,ORD,DEN,1426.0220157520105
UA,ORD,DFW,1290.6453049606575
UA,ORD,DTW,376.3886323781449
UA,ORD,EWR,1154.4536331215895
UA,ORD,HNL,6819.179027522827
UA,ORD,IAD,945.4046267582833
UA,ORD,IND,285.5951889162557
UA,ORD,LAS,2431.6928481174373
UA,ORD,LAX,2802.1160076904785
UA,ORD,MCO,1620.0831318457797
UA,ORD,MKE,107.70559301189579
UA,ORD,MSP,536.9953198971815
UA,ORD,MSY,1349.2498778486827
UA,ORD,OKC,1114.2406246539097
UA,ORD,OMA,667.8847593393182
UA,ORD,PDX,2791.6556313778096
UA,ORD,PHL,1088.3236698576663
UA,ORD,PHX,2313.4258893330652
UA,ORD,RDU,1039.2145694438711
UA,ORD,SEA,2761.751624349704
UA,ORD,SLC,2006.1548248592053
UA,ORD,STL,415.4186613857083
UA,PDX,DEN,1592.1750010014166
UA,PDX,EWR,3906.533130170651
UA,PDX,IAD,3736.24891411956
UA,PDX,LAX,1343.0896596192872
UA,PDX,ORD,2791.6556313778096
UA,PDX,SEA,208.03423966491653
UA,PHL,DEN,2500.3905990396725
UA,PHL,IAD,216.41212659452708
UA,PHL,ORD,1088.3236698576663
UA,PHX,CLE,2790.759520217516
UA,PHX,DEN,968.5377565127925
UA,PHX,EWR,3425.3668935853048
UA,PHX,IAD,3141.573056393648
UA,PHX,LAX,594.3608778208186
UA,PHX,ORD,2313.4258893330652
UA,RDU,EWR,669.9653556597317
UA,RDU,IAD,360.7238149585809
UA,RDU,ORD,1039.2145694438711
UA,SEA,ANC,2325.6404459758587
UA,SEA,DEN,1645.0658311574032
UA,SEA,EWR,3854.814176826073
UA,SEA,IAD,3701.6279535505223
UA,SEA,LAX,1536.9096838729733
UA,SEA,ORD,2761.751624349704
UA,SEA,PDX,208.03423966491653
UA,SLC,DEN,627.5898241586556
UA,SLC,LAX,949.3163049513364
UA,SLC,ORD,2006.1548248592053
UA,STL,CLE,782.6015209316523
UA,STL,DEN,1235.5089963242701
UA,STL,EWR,1400.3447518662203
UA,STL,IAD,1117.6685370700052
UA,STL,ORD,415.4186613857083
US,ANC,PHX,4101.428608962121
US,ATL,CLT,364.56708046970965
US,ATL,DFW,1174.5318236036762
US,ATL,ORD,976.3278291656198
US,ATL,PHL,1071.592953109364
US,ATL,PHX,2549.081233958843
US,BDL,CLT,1035.6947956825866
US,BDL,DFW,2363.184544991586
US,BDL,LAX,4057.3313327474443
US,BDL,ORD,1256.9832454841692
US,BDL,PHL,314.6703367887143
US,BNA,CLT,527.7906363483784
US,BNA,DFW,1014.1483125518824
US,BNA,JFK,1229.76124690041
US,BNA,LAX,2886.3192287624256
US,BNA,ORD,659.4850707493616
US,BNA,PHL,1084.3003930553236
US,BOI,PHX,1184.0866678040393
US,BOS,CLT,1170.6751257417918
US,BOS,DFW,2509.268905512098
US,BOS,JFK,300.1779770895026
US,BOS,LAX,4193.02908746007
US,BOS,ORD,1391.078325285235
US,BOS,PHL,450.1419758792534
US,BOS,PHX,3693.7754228607205
US,BWI,CLT,580.7082466113521
US,BWI,DFW,1954.7685504854694
US,BWI,JFK,295.3609443349576
US,BWI,ORD,997.9705182564419
US,BWI,PHL,144.85222737502477
US,BWI,PHX,3209.737057716284
US,CHS,CLT,270.5509331637968
US,CHS,DFW,1585.226379270477
US,CHS,PHL,886.1042894797829
US,CLE,CLT,693.6656666196295
US,CLE,DFW,1641.733108732936
US,CLE,JFK,682.2070027191422
US,CLE,ORD,506.5652697563044
US,CLE,PHL,583.1229272295406
US,CLT,ATL,364.56708046970965
US,CLT,BDL,1035.6947956825866
US,CLT,BNA,527.7906363483784
US,CLT,BOS,1170.6751257417918
US,CLT,BWI,580.7082466113521
US,CLT,CHS,270.5509331637968
US,CLT,CLE,693.6656666196295
US,CLT,CVG,539.1946917771504
US,CLT,DEN,2148.202090678053
US,CLT,DFW,1503.2069279565508
US,CLT,DTW,805.6961397417941
US,CLT,EWR,850.2863949538682
US,CLT,IAD,517.371064721726
US,CLT,IND,688.060502220261
US,CLT,JFK,870.5292109233397
US,CLT,LAS,3076.587695800183
US,CLT,LAX,3412.5341856716655
US,CLT,MCO,755.2029149067863
US,CLT,MKE,1047.7823784721302
US,CLT,MSP,1496.0732153972012
US,CLT,MSY,1047.2193499352472
US,CLT,OMA,1467.7316602972016
US,CLT,ORD,964.5786715815266
US,CLT,PDX,3664.493683355979
US,CLT,PHL,721.4732221544514
US,CLT,PHX,2848.382720575684
US,CLT,RDU,208.51191829077544
US,CLT,SEA,3660.405629332313
US,CLT,SLC,2773.5940144543915
US,CLT,STL,924.3745727556258
US,CVG,CLT,539.1946917771504
US,CVG,DFW,1304.7619647657154
US,CVG,JFK,945.6585044128641
US,CVG,ORD,425.3843061709205
US,CVG,PHL,814.0504907798611
US,DEN,CLT,2148.202090678053
US,DEN,DFW,1032.0980058772263
US,DEN,LAX,1385.139203807797
US,DEN,ORD,1426.0220157520105
US,DEN,PHL,2500.3905990396725
US,DEN,PHX,968.5377565127925
US,DFW,ATL,1174.5318236036762
US,DFW,BDL,2363.184544991586
US,DFW,BNA,1014.1483125518824
US,DFW,BOS,2509.268905512098
US,DFW,BWI,1954.7685504854694
US,DFW,CHS,1585.226379270477
US,DFW,CLE,1641.733108732936
US,DFW,CLT,1503.2069279565508
US,DFW,CVG,1304.7619647657154
US,DFW,DEN,1032.0980058772263
US,DFW,DTW,1586.4188216950533
US,DFW,EWR,2204.7901406770784
US,DFW,HNL,6080.920427053171
US,DFW,IAD,1882.477930817527
US,DFW,IND,1223.9890393722342
US,DFW,JFK,2234.8961320494536
US,DFW,LAS,1694.7999229712295
US,DFW,LAX,1983.1744750180885
US,DFW,MCO,1582.4157318228752
US,DFW,MKE,1373.5748328148597
US,DFW,MSP,1372.5779149181371
US,DFW,MSY,719.4399852682247
US,DFW,OKC,282.3630290991225
US,DFW,OMA,940.2113048334137
US,DFW,ORD,1290.6453049606575
US,DFW,PDX,2597.0509238361133
US,DFW,PHL,2092.8766575973477
US,DFW,PHX,1393.8656724588768
US,DFW,RDU,1704.5189033287804
US,DFW,SEA,2668.1529866142673
US,DFW,SLC,1589.4643663084744
US,DFW,STL,885.3782369662816
US,DTW,CLT,805.6961397417941
US,DTW,DFW,1586.4188216950533
US,DTW,ORD,376.3886323781449
US,DTW,PHL,728.0522353255226
US,DTW,PHX,2683.9796496758554
US,EWR,CLT,850.2863949538682
US,EWR,DFW,2204.7901406770784
US,EWR,ORD,1154.4536331215895
US,EWR,PHL,128.84356361715245
US,EWR,PHX,3425.3668935853048
US,HNL,DFW,6080.920427053171
US,HNL,LAX,4108.224323399248
US,HNL,PHX,4688.528565864707
US,IAD,CLT,517.371064721726
US,IAD,DFW,1882.477930817527
US,IAD,LAX,3674.03017724721
US,IND,CLT,688.060502220261
US,IND,DFW,1223.9890393722342
US,IND,JFK,1067.3034122661404
US,IND,LAX,2912.8778685305833
US,IND,ORD,285.5951889162557
US,IND,PHL,943.9041916961392
US,IND,PHX,2390.864071114592
US,JFK,BNA,1229.76124690041
US,JFK,BOS,300.1779770895026
US,JFK,BWI,295.3609443349576
US,JFK,CLE,682.2070027191422
US,JFK,CLT,870.5292109233397
US,JFK,CVG,945.6585044128641
US,JFK,DFW,2234.8961320494536
US,JFK,IND,1067.3034122661404
US,JFK,LAS,3609.2825234219504
US,JFK,LAX,3974.1967108791923
US,JFK,MCO,1521.3886141530443
US,JFK,ORD,1187.8355870120465
US,JFK,PHX,3458.11906367387
US,JFK,RDU,686.50304121785
US,JFK,SEA,3886.6379044866676
US,LAS,CLT,3076.587695800183
US,LAS,DFW,1694.7999229712295
US,LAS,JFK,3609.2825234219504
US,LAS,LAX,379.9942734236406
US,LAS,ORD,2431.6928481174373
US,LAS,PHL,3494.414109617585
US,LAS,PHX,410.8486569165901
US,LAX,BDL,4057.3313327474443
US,LAX,BNA,2886.3192287624256
US,LAX,BOS,4193.02908746007
US,LAX,CLT,3412.5341856716655
US,LAX,DEN,1385.139203807797
US,LAX,DFW,1983.1744750180885
US,LAX,HNL,4108.224323399248
US,LAX,IAD,3674.03017724721
US,LAX,IND,2912.8778685305833
US,LAX,JFK,3974.1967108791923
US,LAX,LAS,379.9942734236406
US,LAX,MCO,3562.3146853313297
US,LAX,OKC,1906.2071383647533
US,LAX,ORD,2802.1160076904785
US,LAX,PHL,3856.314910792288
US,LAX,PHX,594.3608778208186
US,LAX,RDU,3594.5314691820645
US,LAX,SLC,949.3163049513364
US,LAX,STL,2556.762811981745
US,MCO,CLT,755.2029149067863
US,MCO,DFW,1582.4157318228752
US,MCO,JFK,1521.3886141530443
US,MCO,LAX,3562.3146853313297
US,MCO,ORD,1620.0831318457797
US,MCO,PHL,1388.5554903516609
US,MCO,PHX,2969.687914351297
US,MKE,CLT,1047.7823784721302
US,MKE,DFW,1373.5748328148597
US,MKE,ORD,107.70559301189579
US,MKE,PHL,1108.1397811183788
US,MKE,PHX,2346.524863666096
US,MSP,CLT,1496.0732153972012
US,MSP,DFW,1372.5779149181371
US,MSP,ORD,536.9953198971815
US,MSP,PHL,1574.423331347321
US,MSP,PHX,2051.7078346953285
US,MSY,CLT,1047.2193499352472
US,MSY,DFW,719.4399852682247
US,MSY,ORD,1349.2498778486827
US,MSY,PHL,1750.8832636394734
US,OKC,DFW,282.3630290991225
US,OKC,LAX,1906.2071383647533
US,OKC,ORD,1114.2406246539097
US,OMA,CLT,1467.7316602972016
US,OMA,DFW,940.2113048334137
US,OMA,ORD,667.8847593393182
US,OMA,PHX,1667.5377576255903
US,ORD,ATL,976.3278291656198
US,ORD,BDL,1256.9832454841692
US,ORD,BNA,659.4850707493616
US,ORD,BOS,1391.078325285235
US,ORD,BWI,997.9705182564419
US,ORD,CLE,506.5652697563044
US,ORD,CLT,964.5786715815266
US,ORD,CVG,425.3843061709205
US,ORD,DEN,1426.0220157520105
US,ORD,DFW,1290.6453049606575
US,ORD,DTW,376.3886323781449
US,ORD,EWR,1154.4536331215895
US,ORD,IND,285.5951889162557
US,ORD,JFK,1187.8355870120465
US,ORD,LAS,2431.6928481174373
US,ORD,LAX,2802.1160076904785
US,ORD,MCO,1620.0831318457797
US,ORD,MKE,107.70559301189579
US,ORD,MSP,536.9953198971815
US,ORD,MSY,1349.2498778486827
US,ORD,OKC,1114.2406246539097
US,ORD,OMA,667.8847593393182
US,ORD,PDX,2791.6556313778096
US,ORD,PHL,1088.3236698576663
US,ORD,PHX,2313.4258893330652
US,ORD,RDU,1039.2145694438711
US,ORD,SEA,2761.751624349704
US,ORD,SLC,2006.1548248592053
US,ORD,STL,415.4186613857083
US,PDX,CLT,3664.493683355979
US,PDX,DFW,2597.0509238361133
US,PDX,ORD,2791.6556313778096
US,PDX,PHL,3862.5536924541652
US,PDX,PHX,1625.0856639054705
US,PHL,ATL,1071.592953109364
US,PHL,BDL,314.6703367887143
US,PHL,BNA,1084.3003930553236
US,PHL,BOS,450.1419758792534
US,PHL,BWI,144.85222737502477
US,PHL,CHS,886.1042894797829
US,PHL,CLE,583.1229272295406
US,PHL,CLT,721.4732221544514
US,PHL,CVG,814.0504907798611
US,PHL,DEN,2500.3905990396725
US,PHL,DFW,2092.8766575973477
US,PHL,DTW,728.0522353255226
US,PHL,EWR,128.84356361715245
US,PHL,IND,943.9041916961392
US,PHL,LAS,3494.414109617585
US,PHL,LAX,3856.314910792288
US,PHL,MCO,1388.5554903516609
US,PHL,MKE,1108.1397811183788
US,PHL,MSP,1574.423331347321
US,PHL,MSY,1750.8832636394734
US,PHL,ORD,1088.3236698576663
US,PHL,PDX,3862.5536924541652
US,PHL,PHX,3332.8242496046537
US,PHL,RDU,542.2505492934448
US,PHL,SEA,3817.6538907073505
US,PHL,SLC,3092.8145624354906
US,PHL,STL,1306.00639355372
US,PHX,ANC,4101.428608962121
US,PHX,ATL,2549.081233958843
US,PHX,BOI,1184.0866678040393
US,PHX,BOS,3693.7754228607205
US,PHX,BWI,3209.737057716284
US,PHX,CLT,2848.382720575684
US,PHX,DEN,968.5377565127925
US,PHX,DFW,1393.8656724588768
US,PHX,DTW,2683.9796496758554
US,PHX,EWR,3425.3668935853048
US,PHX,HNL,4688.528565864707
US,PHX,IND,2390.864071114592
US,PHX,JFK,3458.11906367387
US,PHX,LAS,410.8486569165901
US,PHX,LAX,594.3608778208186
US,PHX,MCO,2969.687914351297
US,PHX,MKE,2346.524863666096
US,PHX,MSP,2051.7078346953285
US,PHX,OMA,1667.5377576255903
US,PHX,ORD,2313.4258893330652
US,PHX,PDX,1625.0856639054705
US,PHX,PHL,3332.8242496046537
US,PHX,SEA,1781.8234816966544
US,PHX,SLC,817.7440677116468
US,PHX,STL,2026.8178951047003
US,RDU,CLT,208.51191829077544
US,RDU,DFW,1704.5189033287804
US,RDU,JFK,686.50304121785
US,RDU,LAX,3594.5314691820645
US,RDU,ORD,1039.2145694438711
US,RDU,PHL,542.2505492934448
US,SEA,CLT,3660.405629332313
US,SEA,DFW,2668.1529866142673
US,SEA,JFK,3886.6379044866676
US,SEA,ORD,2761.751624349704
US,SEA,PHL,3817.6538907073505
US,SEA,PHX,1781.8234816966544
US,SLC,CLT,2773.5940144543915
US,SLC,DFW,1589.4643663084744
US,SLC,LAX,949.3163049513364
US,SLC,ORD,2006.1548248592053
US,SLC,PHL,3092.8145624354906
US,SLC,PHX,817.7440677116468
US,STL,CLT,924.3745727556258
US,STL,DFW,885.3782369662816
US,STL,LAX,2556.762811981745
US,STL,ORD,415.4186613857083
US,STL,PHL,1306.00639355372
US,STL,PHX,2026.8178951047003
VA,ATL,IND,696.265301572822
VA,ATL,IND,696.265301572822
VA,ATL,IND,696.265301572822
VA,ATL,LAX,3125.776526360189
VA,ATL,LAX,3125.776526360189
VA,ATL,LAX,3125.776526360189
VA,IND,ATL,696.265301572822
VA,IND,ATL,696.265301572822
VA,IND,ATL,696.265301572822
VA,LAX,ATL,3125.776526360189
VA,LAX,ATL,3125.776526360189
VA,LAX,ATL,3125.776526360189
VA,LAX,MSY,2682.854984679617
VA,LAX,MSY,2682.854984679617
VA,LAX,MSY,2682.854984679617
VA,MSY,LAX,2682.854984679617
VA,MSY,LAX,2682.854984679617
VA,MSY,LAX,2682.854984679617
VS,ATL,BNA,344.43307950741485
VS,ATL,BOS,1521.5537657651762
VS,ATL,CHS,416.0630081305395
VS,ATL,CLT,364.56708046970965
VS,ATL,CVG,602.1803007933797
VS,ATL,DEN,1926.617829778416
VS,ATL,DFW,1174.5318236036762
VS,ATL,DTW,958.1975913594932
VS,ATL,EWR,1199.3163539241518
VS,ATL,IAD,859.0311610793251
VS,ATL,IND,696.265301572822
VS,ATL,JFK,1222.0934389187264
VS,ATL,LAS,2804.8279085707227
VS,ATL,LAX,3125.776526360189
VS,ATL,MCO,650.7363446314486
VS,ATL,MSY,683.5719060307282
VS,ATL,OKC,1221.645168739616
VS,ATL,ORD,976.3278291656198
VS,ATL,PHX,2549.081233958843
VS,ATL,RDU,572.24839306195
VS,ATL,STL,779.0051856208638
VS,BNA,ATL,344.43307950741485
VS,BOS,ATL,1521.5537657651762
VS,CHS,ATL,416.0630081305395
VS,CLT,ATL,364.56708046970965
VS,CVG,ATL,602.1803007933797
VS,DEN,ATL,1926.617829778416
VS,DFW,ATL,1174.5318236036762
VS,DTW,ATL,958.1975913594932
VS,EWR,ATL,1199.3163539241518
VS,IAD,ATL,859.0311610793251
VS,IND,ATL,696.265301572822
VS,JFK,ATL,1222.0934389187264
VS,JFK,MSY,1901.4897105100436
VS,LAS,ATL,2804.8279085707227
VS,LAX,ATL,3125.776526360189
VS,MCO,ATL,650.7363446314486
VS,MSY,ATL,683.5719060307282
VS,MSY,DTW,1492.2718862170018
VS,MSY,JFK,1901.4897105100436
VS,OKC,ATL,1221.645168739616
VS,ORD,ATL,976.3278291656198
VS,PHX,ATL,2549.081233958843
VS,RDU,ATL,572.24839306195
VS,STL,ATL,779.0051856208638
VX,BOS,LAX,4193.02908746007
VX,DFW,LAX,1983.1744750180885
VX,EWR,LAX,3941.010291289656
VX,IAD,LAX,3674.03017724721
VX,JFK,LAS,3609.2825234219504
VX,JFK,LAX,3974.1967108791923
VX,LAS,JFK,3609.2825234219504
VX,LAS,LAX,379.9942734236406
VX,LAX,BOS,4193.02908746007
VX,LAX,DFW,1983.1744750180885
VX,LAX,EWR,3941.010291289656
VX,LAX,IAD,3674.03017724721
VX,LAX,JFK,3974.1967108791923
VX,LAX,LAS,379.9942734236406
VX,LAX,MCO,3562.3146853313297
VX,LAX,ORD,2802.1160076904785
VX,LAX,PHL,3856.314910792288
VX,LAX,SEA,1536.9096838729733
VX,MCO,LAX,3562.3146853313297
VX,ORD,LAX,2802.1160076904785
VX,PHL,LAX,3856.314910792288
VX,SEA,LAX,1536.9096838729733
WN,ATL,BDL,1382.3194090292877
WN,ATL,BOS,1521.5537657651762
WN,ATL,BWI,927.5307689689371
WN,ATL,CHS,416.0630081305395
WN,ATL,DEN,1926.617829778416
WN,ATL,DTW,958.1975913594932
WN,ATL,IND,696.265301572822
WN,ATL,LAS,2804.8279085707227
WN,ATL,LAX,3125.776526360189
WN,ATL,MCO,650.7363446314486
WN,ATL,MKE,1078.353344778379
WN,ATL,MSP,1459.7181270186938
WN,ATL,MSY,683.5719060307282
WN,ATL,OKC,1221.645168739616
WN,ATL,PHL,1071.592953109364
WN,ATL,PHX,2549.081233958843
WN,ATL,RDU,572.24839306195
WN,ATL,STL,779.0051856208638
WN,BDL,ATL,1382.3194090292877
WN,BDL,BWI,455.71907153198083
WN,BDL,DEN,2682.9014729633786
WN,BDL,LAS,3688.306062700244
WN,BDL,MCO,1692.2136550323467
WN,BNA,BOS,1514.2943896536008
WN,BNA,BWI,943.6455736289753
WN,BNA,CHS,705.8250568807597
WN,BNA,CLE,721.4329747571312
WN,BNA,DEN,1627.5841721572424
WN,BNA,DTW,734.9601236214947
WN,BNA,EWR,1201.009224713767
WN,BNA,LAS,2548.8618322383427
WN,BNA,LAX,2886.3192287624256
WN,BNA,MCO,992.9995244840851
WN,BNA,MSY,758.8318699594231
WN,BNA,PHL,1084.3003930553236
WN,BNA,PHX,2326.3278838572874
WN,BNA,RDU,710.1622694475742
WN,BNA,STL,437.41051654964065
WN,BOI,DEN,1042.2017842036057
WN,BOI,LAS,837.2052378781395
WN,BOI,PHX,1184.0866678040393
WN,BOS,ATL,1521.5537657651762
WN,BOS,BNA,1514.2943896536008
WN,BOS,BWI,594.0541197280135
WN,BOS,DEN,2815.7313319048426
WN,BOS,MCO,1805.9747627053528
WN,BOS,MKE,1380.5222917349154
WN,BOS,STL,1680.5926002239719
WN,BWI,ATL,927.5307689689371
WN,BWI,BDL,455.71907153198083
WN,BWI,BNA,943.6455736289753
WN,BWI,BOS,594.0541197280135
WN,BWI,CHS,760.804966040201
WN,BWI,CLE,504.80272463920585
WN,BWI,CLT,580.7082466113521
WN,BWI,DEN,2393.5462602764187
WN,BWI,DTW,656.7378494155649
WN,BWI,IND,828.3562995510918
WN,BWI,LAS,3381.120097805829
WN,BWI,LAX,3739.9133294910644
WN,BWI,MCO,1268.997707238202
WN,BWI,MKE,1029.4956608000005
WN,BWI,MSY,1606.1637288568575
WN,BWI,OKC,1894.4539249815293
WN,BWI,PHX,3209.737057716284
WN,BWI,RDU,411.53954635159624
WN,BWI,SEA,3748.136935901285
WN,BWI,SLC,2993.4923800262877
WN,BWI,STL,1184.4863535432044
WN,CHS,BNA,705.8250568807597
WN,CHS,BWI,760.804966040201
WN,CLE,BNA,721.4329747571312
WN,CLE,BWI,504.80272463920585
WN,CLE,LAS,2929.4137719458236
WN,CLT,BWI,580.7082466113521
WN,CLT,MCO,755.2029149067863
WN,DEN,ATL,1926.617829778416
WN,DEN,BDL,2682.9014729633786
WN,DEN,BNA,1627.5841721572424
WN,DEN,BOI,1042.2017842036057
WN,DEN,BOS,2815.7313319048426
WN,DEN,BWI,2393.5462602764187
WN,DEN,DTW,1802.29676144385
WN,DEN,EWR,2576.4064359879176
WN,DEN,IAD,2331.6937224643348
WN,DEN,IND,1567.617192892777
WN,DEN,LAS,1009.3646188609895
WN,DEN,LAX,1385.139203807797
WN,DEN,MCO,2486.345941281008
WN,DEN,MKE,1437.9685598973165
WN,DEN,MSP,1092.3524664337463
WN,DEN,MSY,1708.0852572911863
WN,DEN,OKC,796.29194222731
WN,DEN,OMA,758.1398164012809
WN,DEN,PDX,1592.1750010014166
WN,DEN,PHL,2500.3905990396725
WN,DEN,PHX,968.5377565127925
WN,DEN,RDU,2306.4677236405546
WN,DEN,SEA,1645.0658311574032
WN,DEN,SLC,627.5898241586556
WN,DEN,STL,1235.5089963242701
WN,DTW,ATL,958.1975913594932
WN,DTW,BNA,734.9601236214947
WN,DTW,BWI,656.7378494155649
WN,DTW,DEN,1802.29676144385
WN,DTW,LAS,2808.0196439155147
WN,DTW,PHX,2683.9796496758554
WN,DTW,STL,707.1007840048776
WN,EWR,BNA,1201.009224713767
WN,EWR,DEN,2576.4064359879176
WN,EWR,MSY,1877.4286217865529
WN,EWR,PHX,3425.3668935853048
WN,EWR,STL,1400.3447518662203
WN,IAD,DEN,2331.6937224643348
WN,IND,ATL,696.265301572822
WN,IND,BWI,828.3562995510918
WN,IND,DEN,1567.617192892777
WN,IND,LAS,2552.8599352379956
WN,IND,MCO,1335.8906377554526
WN,IND,PHX,2390.864071114592
WN,LAS,ATL,2804.8279085707227
WN,LAS,BDL,3688.306062700244
WN,LAS,BNA,2548.8618322383427
WN,LAS,BOI,837.2052378781395
WN,LAS,BWI,3381.120097805829
WN,LAS,CLE,2929.4137719458236
WN,LAS,DEN,1009.3646188609895
WN,LAS,DTW,2808.0196439155147
WN,LAS,IND,2552.8599352379956
WN,LAS,LAX,379.9942734236406
WN,LAS,MCO,3276.0929710750715
WN,LAS,MKE,2446.949535155072
WN,LAS,MSY,2409.566137753854
WN,LAS,OKC,1583.8408600784528
WN,LAS,OMA,1764.8994456998134
WN,LAS,PDX,1227.6645759830778
WN,LAS,PHL,3494.414109617585
WN,LAS,PHX,410.8486569165901
WN,LAS,RDU,3252.818399079751
WN,LAS,SEA,1395.109205750935
WN,LAS,SLC,591.9385966173799
WN,LAS,STL,2201.8653672194882
WN,LAX,ATL,3125.776526360189
WN,LAX,BNA,2886.3192287624256
WN,LAX,BWI,3739.9133294910644
WN,LAX,DEN,1385.139203807797
WN,LAX,LAS,379.9942734236406
WN,LAX,MKE,2820.589968733282
WN,LAX,MSY,2682.854984679617
WN,LAX,PHX,594.3608778208186
WN,LAX,SLC,949.3163049513364
WN,LAX,STL,2556.762811981745
WN,MCO,ATL,650.7363446314486
WN,MCO,BDL,1692.2136550323467
WN,MCO,BNA,992.9995244840851
WN,MCO,BOS,1805.9747627053528
WN,MCO,BWI,1268.997707238202
WN,MCO,CLT,755.2029149067863
WN,MCO,DEN,2486.345941281008
WN,MCO,IND,1335.8906377554526
WN,MCO,LAS,3276.0929710750715
WN,MCO,MKE,1719.0016535729676
WN,MCO,MSP,2110.4373511984977
WN,MCO,MSY,885.5163677891876
WN,MCO,PHL,1388.5554903516609
WN,MCO,PHX,2969.687914351297
WN,MCO,RDU,861.4463535882818
WN,MCO,STL,1419.930070368987
WN,MKE,ATL,1078.353344778379
WN,MKE,BOS,1380.5222917349154
WN,MKE,BWI,1029.4956608000005
WN,MKE,DEN,1437.9685598973165
WN,MKE,LAS,2446.949535155072
WN,MKE,LAX,2820.589968733282
WN,MKE,MCO,1719.0016535729676
WN,MKE,MSP,477.6082024317912
WN,MKE,MSY,1455.6182358361555
WN,MKE,PHX,2346.524863666096
WN,MKE,SEA,2719.289788813939
WN,MKE,STL,511.0464499102136
WN,MSP,ATL,1459.7181270186938
WN,MSP,DEN,1092.3524664337463
WN,MSP,MCO,2110.4373511984977
WN,MSP,MKE,477.6082024317912
WN,MSP,PHX,2051.7078346953285
WN,MSP,STL,721.6524902555551
WN,MSY,ATL,683.5719060307282
WN,MSY,BNA,758.8318699594231
WN,MSY,BWI,1606.1637288568575
WN,MSY,DEN,1708.0852572911863
WN,MSY,EWR,1877.4286217865529
WN,MSY,LAS,2409.566137753854
WN,MSY,LAX,2682.854984679617
WN,MSY,MCO,885.5163677891876
WN,MSY,MKE,1455.6182358361555
WN,MSY,PHX,2088.970711193452
WN,MSY,STL,973.5985565164408
WN,OKC,ATL,1221.645168739616
WN,OKC,BWI,1894.4539249815293
WN,OKC,DEN,796.29194222731
WN,OKC,LAS,1583.8408600784528
WN,OKC,PHX,1338.564464935144
WN,OKC,STL,741.7876850217668
WN,OMA,DEN,758.1398164012809
WN,OMA,LAS,1764.8994456998134
WN,OMA,PHX,1667.5377576255903
WN,OMA,STL,549.3096024263962
WN,PDX,DEN,1592.1750010014166
WN,PDX,LAS,1227.6645759830778
WN,PDX,PHX,1625.0856639054705
WN,PDX,SLC,1011.7527821341124
WN,PHL,ATL,1071.592953109364
WN,PHL,BNA,1084.3003930553236
WN,PHL,DEN,2500.3905990396725
WN,PHL,LAS,3494.414109617585
WN,PHL,MCO,1388.5554903516609
WN,PHL,PHX,3332.8242496046537
WN,PHL,STL,1306.00639355372
WN,PHX,ATL,2549.081233958843
WN,PHX,BNA,2326.3278838572874
WN,PHX,BOI,1184.0866678040393
WN,PHX,BWI,3209.737057716284
WN,PHX,DEN,968.5377565127925
WN,PHX,DTW,2683.9796496758554
WN,PHX,EWR,3425.3668935853048
WN,PHX,IND,2390.864071114592
WN,PHX,LAS,410.8486569165901
WN,PHX,LAX,594.3608778208186
WN,PHX,MCO,2969.687914351297
WN,PHX,MKE,2346.524863666096
WN,PHX,MSP,2051.7078346953285
WN,PHX,MSY,2088.970711193452
WN,PHX,OKC,1338.564464935144
WN,PHX,OMA,1667.5377576255903
WN,PHX,PDX,1625.0856639054705
WN,PHX,PHL,3332.8242496046537
WN,PHX,RDU,3036.4877033492944
WN,PHX,SEA,1781.8234816966544
WN,PHX,SLC,817.7440677116468
WN,PHX,STL,2026.8178951047003
WN,RDU,ATL,572.24839306195
WN,RDU,BNA,710.1622694475742
WN,RDU,BWI,411.53954635159624
WN,RDU,DEN,2306.4677236405546
WN,RDU,LAS,3252.818399079751
WN,RDU,MCO,861.4463535882818
WN,RDU,PHX,3036.4877033492944
WN,RDU,STL,1072.0271708606151
WN,SEA,BWI,3748.136935901285
WN,SEA,DEN,1645.0658311574032
WN,SEA,LAS,1395.109205750935
WN,SEA,MKE,2719.289788813939
WN,SEA,PHX,1781.8234816966544
WN,SEA,SLC,1106.7145012868907
WN,SLC,BWI,2993.4923800262877
WN,SLC,DEN,627.5898241586556
WN,SLC,LAS,591.9385966173799
WN,SLC,LAX,949.3163049513364
WN,SLC,PDX,1011.7527821341124
WN,SLC,PHX,817.7440677116468
WN,SLC,SEA,1106.7145012868907
WN,STL,ATL,779.0051856208638
WN,STL,BNA,437.41051654964065
WN,STL,BOS,1680.5926002239719
WN,STL,BWI,1184.4863535432044
WN,STL,DEN,1235.5089963242701
WN,STL,DTW,707.1007840048776
WN,STL,EWR,1400.3447518662203
WN,STL,LAS,2201.8653672194882
WN,STL,LAX,2556.762811981745
WN,STL,MCO,1419.930070368987
WN,STL,MKE,511.0464499102136
WN,STL,MSP,721.6524902555551
WN,STL,MSY,973.5985565164408
WN,STL,OKC,741.7876850217668
WN,STL,OMA,549.3096024263962
WN,STL,PHL,1306.00639355372
WN,STL,PHX,2026.8178951047003
WN,STL,RDU,1072.0271708606151
WS,ATL,JFK,1222.0934389187264
